"Status","Risk","User_Internal_ID","Account","Session","Risk_Factor","Activity","IP_Address","IPType","Provider","Country","State","City","Language","OSBrowser","User_Agent","Browser_Plugins","Screen_Resolution","Timezone_Offset","Accept_Encoding","HTTP_Cookie","Java_Enabled","Cookies_Enabled","Actor","Network","Time_since_last","Distance_from_last","Risk_based_Auth","Transfer_Status","GMT","Local_time","Link"
"NV","2.8","null","A000000012345678","82","DeviceConf,OSBrowser,UAChange","MFASuccessDev LoginSuccess ","173.23.167.117","normal","mchsi","united states","illinois","kirkland","[EN-US,EN;Q=0.8],[EN-US],[],[]","Windows 10.0/Chrome 55.0","Mozilla/5.0 (Windows NT 10.0; Win64; x64) AppleWebKit/537.36 (KHTML, like Gecko) Chrome/55.0.2883.87 Safari/537.36","","24|1171|659|619","-6","gzip, deflate, br","97525460b021e159ddc971dc5281281105220a5524","0","1","","173.23.167.0","+93d 16h 52m","1790 miles","","","01/30/2017 09:05 PM","01/30/2017 03:05 PM","https://tda159.fraudmap.net:443/goto.jsf?sess=617853022000290"
"NV","2.8","null","A000000012345678","83","","LoginSuccess ","64.41.181.21","aggregator","yodlee.com","united states","california","redwood city","[EN-US,EN;Q=0.8],[EN-US],[],[]","Unix/Chrome 43.0","Mozilla/5.0 (X11; Linux x86_64) AppleWebKit/537.36 (KHTML, like Gecko) Chrome/43.0.2357.125 Safari/537.36","","24|1024|768|768","-8","gzip, deflate","447e414dcd3ce15472ffd4357b6e128110222e431ca1","1","1","","64.41.181.0","+0d 0h 1m","1790 miles","","","01/30/2017 09:06 PM","01/30/2017 03:06 PM","https://tda159.fraudmap.net:443/goto.jsf?sess=617853803000290"
"NV","0.9","null","A000000012345678","84","","LoginSuccess ","64.41.181.71","aggregator","yodlee.com","united states","california","redwood city","[EN-US,EN;Q=0.8],[EN-US],[],[]","Unix/Chrome 43.0","Mozilla/5.0 (X11; Linux x86_64) AppleWebKit/537.36 (KHTML, like Gecko) Chrome/43.0.2357.125 Safari/537.36","","24|1024|768|768","-8","gzip, deflate","447e414dcd3ce15472ffd4357b6e128110222e431ca1","1","1","","64.41.181.0","+1d 9h 16m","0 miles","","","02/01/2017 06:22 AM","02/01/2017 12:22 AM","https://tda159.fraudmap.net:443/goto.jsf?sess=619017842000290"
"NV","1.0","null","A000000012345678","85","","LoginSuccess ","64.41.181.17","aggregator","yodlee.com","united states","california","redwood city","[EN-US,EN;Q=0.8],[EN-US],[],[]","Unix/Chrome 43.0","Mozilla/5.0 (X11; Linux x86_64) AppleWebKit/537.36 (KHTML, like Gecko) Chrome/43.0.2357.125 Safari/537.36","","24|1024|768|768","-8","gzip, deflate","447e414dcd3ce15472ffd4357b6e128110222e431ca1","1","1","","64.41.181.0","+0d 10h 7m","0 miles","","","02/01/2017 04:29 PM","02/01/2017 10:29 AM","https://tda159.fraudmap.net:443/goto.jsf?sess=619334873000290"
"NV","0.8","null","A000000012345678","86","","LoginSuccess ","216.34.61.173","aggregator","yodlee.com","united states","california","redwood city","[EN-US,EN;Q=0.8],[EN-US],[],[]","Unix/Chrome 43.0","Mozilla/5.0 (X11; Linux x86_64) AppleWebKit/537.36 (KHTML, like Gecko) Chrome/43.0.2357.125 Safari/537.36","","24|1024|768|768","-8","gzip, deflate","447e414dcd3ce15472ffd4357b6e128110222e431ca1","1","1","","216.34.61.0","+1d 10h 58m","0 miles","","","02/03/2017 03:27 AM","02/02/2017 09:27 PM","https://tda159.fraudmap.net:443/goto.jsf?sess=620741402000290"
"NV","1.1","null","A000000012345678","87","","LoginSuccess ","216.34.61.57","aggregator","yodlee.com","united states","california","redwood city","[EN-US,EN;Q=0.8],[EN-US],[],[]","Unix/Chrome 43.0","Mozilla/5.0 (X11; Linux x86_64) AppleWebKit/537.36 (KHTML, like Gecko) Chrome/43.0.2357.125 Safari/537.36","","24|1024|768|768","-8","gzip, deflate","447e414dcd3ce15472ffd4357b6e128110222e431ca1","1","1","","216.34.61.0","+1d 1h 47m","0 miles","","","02/04/2017 05:14 AM","02/03/2017 11:14 PM","https://tda159.fraudmap.net:443/goto.jsf?sess=621690171000290"
"NV","0.9","null","A000000012345678","88","","LoginSuccess ","64.41.181.67","aggregator","yodlee.com","united states","california","redwood city","[EN-US,EN;Q=0.8],[EN-US],[],[]","Unix/Chrome 43.0","Mozilla/5.0 (X11; Linux x86_64) AppleWebKit/537.36 (KHTML, like Gecko) Chrome/43.0.2357.125 Safari/537.36","","24|1024|768|768","-8","gzip, deflate","447e414dcd3ce15472ffd4357b6e128110222e431ca1","1","1","","64.41.181.0","+0d 22h 49m","0 miles","","","02/05/2017 04:04 AM","02/04/2017 10:04 PM","https://tda159.fraudmap.net:443/goto.jsf?sess=622060880000290"
"NV","0.9","null","A000000012345678","89","","LoginSuccess ","64.41.181.239","aggregator","yodlee.com","united states","california","redwood city","[EN-US,EN;Q=0.8],[EN-US],[],[]","Unix/Chrome 43.0","Mozilla/5.0 (X11; Linux x86_64) AppleWebKit/537.36 (KHTML, like Gecko) Chrome/43.0.2357.125 Safari/537.36","","24|1024|768|768","-8","gzip, deflate","447e414dcd3ce15472ffd4357b6e128110222e431ca1","1","1","","64.41.181.0","+1d 1h 29m","0 miles","","","02/06/2017 05:32 AM","02/05/2017 11:32 PM","https://tda159.fraudmap.net:443/goto.jsf?sess=622409691000290"
"NV","1.0","null","A000000012345678","90","","LoginSuccess ","64.41.181.193","aggregator","yodlee.com","united states","california","redwood city","[EN-US,EN;Q=0.8],[EN-US],[],[]","Unix/Chrome 43.0","Mozilla/5.0 (X11; Linux x86_64) AppleWebKit/537.36 (KHTML, like Gecko) Chrome/43.0.2357.125 Safari/537.36","","24|1024|768|768","-8","gzip, deflate","447e414dcd3ce15472ffd4357b6e128110222e431ca1","1","1","","64.41.181.0","+0d 11h 3m","0 miles","","","02/06/2017 04:35 PM","02/06/2017 10:35 AM","https://tda159.fraudmap.net:443/goto.jsf?sess=622780782000290"
"NV","1.0","null","A000000012345678","91","","LoginSuccess ","64.41.181.219","aggregator","yodlee.com","united states","california","redwood city","[EN-US,EN;Q=0.8],[EN-US],[],[]","Unix/Chrome 43.0","Mozilla/5.0 (X11; Linux x86_64) AppleWebKit/537.36 (KHTML, like Gecko) Chrome/43.0.2357.125 Safari/537.36","","24|1024|768|768","-8","gzip, deflate","447e414dcd3ce15472ffd4357b6e128110222e431ca1","1","1","","64.41.181.0","+1d 9h 35m","0 miles","","","02/08/2017 02:11 AM","02/07/2017 08:11 PM","https://tda159.fraudmap.net:443/goto.jsf?sess=624151210000290"
"NV","1.1","null","A000000012345678","92","OSBrowser,UAChange","LoginSuccess ","216.34.61.229","aggregator","yodlee.com","united states","california","redwood city","[EN-US,EN;Q=0.8],[EN-US],[],[]","Unix/Chrome 51.0","Mozilla/5.0 (X11; Linux x86_64) AppleWebKit/537.36 (KHTML, like Gecko) Chrome/51.0.2704.84 Safari/537.36","","24|1024|768|768","-8","gzip, deflate, br","447e414dcd3ce15472ffd4357b6e128110222e431ca1","0","1","","216.34.61.0","+1d 0h 31m","0 miles","","","02/09/2017 02:42 AM","02/08/2017 08:42 PM","https://tda159.fraudmap.net:443/goto.jsf?sess=625013838000290"
"NV","1.0","null","A000000012345678","93","","LoginSuccess ","216.34.61.83","aggregator","yodlee.com","united states","california","redwood city","[EN-US,EN;Q=0.8],[EN-US],[],[]","Unix/Chrome 43.0","Mozilla/5.0 (X11; Linux x86_64) AppleWebKit/537.36 (KHTML, like Gecko) Chrome/43.0.2357.125 Safari/537.36","","24|1024|768|768","-8","gzip, deflate","447e414dcd3ce15472ffd4357b6e128110222e431ca1","1","1","","216.34.61.0","+0d 14h 16m","0 miles","","","02/09/2017 04:57 PM","02/09/2017 10:57 AM","https://tda159.fraudmap.net:443/goto.jsf?sess=625424603000290"
"NV","1.1","null","A000000012345678","94","","LoginSuccess ","64.41.181.115","aggregator","yodlee.com","united states","california","redwood city","[EN-US,EN;Q=0.8],[EN-US],[],[]","Unix/Chrome 43.0","Mozilla/5.0 (X11; Linux x86_64) AppleWebKit/537.36 (KHTML, like Gecko) Chrome/43.0.2357.125 Safari/537.36","","24|1024|768|768","-8","gzip, deflate","447e414dcd3ce15472ffd4357b6e128110222e431ca1","1","1","","64.41.181.0","+1d 9h 51m","0 miles","","","02/11/2017 02:48 AM","02/10/2017 08:48 PM","https://tda159.fraudmap.net:443/goto.jsf?sess=626862900000290"
"NV","0.9","null","A000000012345678","95","","LoginSuccess ","64.41.181.43","aggregator","yodlee.com","united states","california","redwood city","[EN-US,EN;Q=0.8],[EN-US],[],[]","Unix/Chrome 43.0","Mozilla/5.0 (X11; Linux x86_64) AppleWebKit/537.36 (KHTML, like Gecko) Chrome/43.0.2357.125 Safari/537.36","","24|1024|768|768","-8","gzip, deflate","447e414dcd3ce15472ffd4357b6e128110222e431ca1","1","1","","64.41.181.0","+1d 2h 29m","0 miles","","","02/12/2017 05:17 AM","02/11/2017 11:17 PM","https://tda159.fraudmap.net:443/goto.jsf?sess=627286898000290"
"NV","0.9","null","A000000012345678","96","","LoginSuccess ","64.41.181.183","aggregator","yodlee.com","united states","california","redwood city","[EN-US,EN;Q=0.8],[EN-US],[],[]","Unix/Chrome 43.0","Mozilla/5.0 (X11; Linux x86_64) AppleWebKit/537.36 (KHTML, like Gecko) Chrome/43.0.2357.125 Safari/537.36","","24|1024|768|768","-8","gzip, deflate","447e414dcd3ce15472ffd4357b6e128110222e431ca1","1","1","","64.41.181.0","+1d 0h 25m","0 miles","","","02/13/2017 05:42 AM","02/12/2017 11:42 PM","https://tda159.fraudmap.net:443/goto.jsf?sess=627621185000290"
"NV","0.9","null","A000000012345678","97","","LoginSuccess ","216.34.61.59","aggregator","yodlee.com","united states","california","redwood city","[EN-US,EN;Q=0.8],[EN-US],[],[]","Unix/Chrome 43.0","Mozilla/5.0 (X11; Linux x86_64) AppleWebKit/537.36 (KHTML, like Gecko) Chrome/43.0.2357.125 Safari/537.36","","24|1024|768|768","-8","gzip, deflate","447e414dcd3ce15472ffd4357b6e128110222e431ca1","1","1","","216.34.61.0","+0d 22h 28m","0 miles","","","02/14/2017 04:10 AM","02/13/2017 10:10 PM","https://tda159.fraudmap.net:443/goto.jsf?sess=628628326000290"
"NV","1.1","null","A000000012345678","98","","LoginSuccess ","64.41.181.51","aggregator","yodlee.com","united states","california","redwood city","[EN-US,EN;Q=0.8],[EN-US],[],[]","Unix/Chrome 43.0","Mozilla/5.0 (X11; Linux x86_64) AppleWebKit/537.36 (KHTML, like Gecko) Chrome/43.0.2357.125 Safari/537.36","","24|1024|768|768","-8","gzip, deflate","447e414dcd3ce15472ffd4357b6e128110222e431ca1","1","1","","64.41.181.0","+1d 3h 38m","0 miles","","","02/15/2017 07:47 AM","02/15/2017 01:47 AM","https://tda159.fraudmap.net:443/goto.jsf?sess=629674355000290"
"NV","0.9","null","A000000012345678","99","","LoginSuccess ","64.41.181.97","aggregator","yodlee.com","united states","california","redwood city","[EN-US,EN;Q=0.8],[EN-US],[],[]","Unix/Chrome 43.0","Mozilla/5.0 (X11; Linux x86_64) AppleWebKit/537.36 (KHTML, like Gecko) Chrome/43.0.2357.125 Safari/537.36","","24|1024|768|768","-8","gzip, deflate","447e414dcd3ce15472ffd4357b6e128110222e431ca1","1","1","","64.41.181.0","+1d 0h 2m","0 miles","","","02/16/2017 07:49 AM","02/16/2017 01:49 AM","https://tda159.fraudmap.net:443/goto.jsf?sess=630714558000290"
"NV","0.8","null","A000000012345678","100","","LoginSuccess ","216.34.61.239","aggregator","yodlee.com","united states","california","redwood city","[EN-US,EN;Q=0.8],[EN-US],[],[]","Unix/Chrome 43.0","Mozilla/5.0 (X11; Linux x86_64) AppleWebKit/537.36 (KHTML, like Gecko) Chrome/43.0.2357.125 Safari/537.36","","24|1024|768|768","-8","gzip, deflate","447e414dcd3ce15472ffd4357b6e128110222e431ca1","1","1","","216.34.61.0","+0d 19h 43m","0 miles","","","02/17/2017 03:32 AM","02/16/2017 09:32 PM","https://tda159.fraudmap.net:443/goto.jsf?sess=631575339000290"
"NV","0.9","null","A000000012345678","101","","LoginSuccess ","64.41.181.19","aggregator","yodlee.com","united states","california","redwood city","[EN-US,EN;Q=0.8],[EN-US],[],[]","Unix/Chrome 43.0","Mozilla/5.0 (X11; Linux x86_64) AppleWebKit/537.36 (KHTML, like Gecko) Chrome/43.0.2357.125 Safari/537.36","","24|1024|768|768","-8","gzip, deflate","447e414dcd3ce15472ffd4357b6e128110222e431ca1","1","1","","64.41.181.0","+0d 23h 33m","0 miles","","","02/18/2017 03:06 AM","02/17/2017 09:06 PM","https://tda159.fraudmap.net:443/goto.jsf?sess=632414973000290"
"NV","0.8","null","A000000012345678","102","","LoginSuccess ","64.41.181.27","aggregator","yodlee.com","united states","california","redwood city","[EN-US,EN;Q=0.8],[EN-US],[],[]","Unix/Chrome 43.0","Mozilla/5.0 (X11; Linux x86_64) AppleWebKit/537.36 (KHTML, like Gecko) Chrome/43.0.2357.125 Safari/537.36","","24|1024|768|768","-8","gzip, deflate","447e414dcd3ce15472ffd4357b6e128110222e431ca1","1","1","","64.41.181.0","+0d 23h 49m","0 miles","","","02/19/2017 02:55 AM","02/18/2017 08:55 PM","https://tda159.fraudmap.net:443/goto.jsf?sess=632780435000290"
"NV","0.9","null","A000000012345678","103","","LoginSuccess ","64.41.181.95","aggregator","yodlee.com","united states","california","redwood city","[EN-US,EN;Q=0.8],[EN-US],[],[]","Unix/Chrome 43.0","Mozilla/5.0 (X11; Linux x86_64) AppleWebKit/537.36 (KHTML, like Gecko) Chrome/43.0.2357.125 Safari/537.36","","24|1024|768|768","-8","gzip, deflate","447e414dcd3ce15472ffd4357b6e128110222e431ca1","1","1","","64.41.181.0","+1d 6h 55m","0 miles","","","02/20/2017 09:50 AM","02/20/2017 03:50 AM","https://tda159.fraudmap.net:443/goto.jsf?sess=633153717000290"
"NV","0.8","null","A000000012345678","104","","LoginSuccess ","64.41.181.21","aggregator","yodlee.com","united states","california","redwood city","[EN-US,EN;Q=0.8],[EN-US],[],[]","Unix/Chrome 43.0","Mozilla/5.0 (X11; Linux x86_64) AppleWebKit/537.36 (KHTML, like Gecko) Chrome/43.0.2357.125 Safari/537.36","","24|1024|768|768","-8","gzip, deflate","447e414dcd3ce15472ffd4357b6e128110222e431ca1","1","1","","64.41.181.0","+0d 19h 14m","0 miles","","","02/21/2017 05:04 AM","02/20/2017 11:04 PM","https://tda159.fraudmap.net:443/goto.jsf?sess=633596312000290"
"NV","0.8","null","A000000012345678","105","","LoginSuccess ","216.34.61.163","aggregator","yodlee.com","united states","california","redwood city","[EN-US,EN;Q=0.8],[EN-US],[],[]","Unix/Chrome 43.0","Mozilla/5.0 (X11; Linux x86_64) AppleWebKit/537.36 (KHTML, like Gecko) Chrome/43.0.2357.125 Safari/537.36","","24|1024|768|768","-8","gzip, deflate","447e414dcd3ce15472ffd4357b6e128110222e431ca1","1","1","","216.34.61.0","+0d 23h 53m","0 miles","","","02/22/2017 04:57 AM","02/21/2017 10:57 PM","https://tda159.fraudmap.net:443/goto.jsf?sess=634556414000290"
"NV","0.9","null","A000000012345678","106","","LoginSuccess ","64.41.181.69","aggregator","yodlee.com","united states","california","redwood city","[EN-US,EN;Q=0.8],[EN-US],[],[]","Unix/Chrome 43.0","Mozilla/5.0 (X11; Linux x86_64) AppleWebKit/537.36 (KHTML, like Gecko) Chrome/43.0.2357.125 Safari/537.36","","24|1024|768|768","-8","gzip, deflate","447e414dcd3ce15472ffd4357b6e128110222e431ca1","1","1","","64.41.181.0","+1d 3h 23m","0 miles","","","02/23/2017 08:20 AM","02/23/2017 02:20 AM","https://tda159.fraudmap.net:443/goto.jsf?sess=635564879000290"
"NV","0.9","null","A000000012345678","107","","LoginSuccess ","64.41.181.67","aggregator","yodlee.com","united states","california","redwood city","[EN-US,EN;Q=0.8],[EN-US],[],[]","Unix/Chrome 43.0","Mozilla/5.0 (X11; Linux x86_64) AppleWebKit/537.36 (KHTML, like Gecko) Chrome/43.0.2357.125 Safari/537.36","","24|1024|768|768","-8","gzip, deflate","447e414dcd3ce15472ffd4357b6e128110222e431ca1","1","1","","64.41.181.0","+0d 19h 34m","0 miles","","","02/24/2017 03:54 AM","02/23/2017 09:54 PM","https://tda159.fraudmap.net:443/goto.jsf?sess=636386293000290"
"NV","0.9","null","A000000012345678","108","","LoginSuccess ","216.34.61.183","aggregator","yodlee.com","united states","california","redwood city","[EN-US,EN;Q=0.8],[EN-US],[],[]","Unix/Chrome 43.0","Mozilla/5.0 (X11; Linux x86_64) AppleWebKit/537.36 (KHTML, like Gecko) Chrome/43.0.2357.125 Safari/537.36","","24|1024|768|768","-8","gzip, deflate","447e414dcd3ce15472ffd4357b6e128110222e431ca1","1","1","","216.34.61.0","+1d 4h 7m","0 miles","","","02/25/2017 08:02 AM","02/25/2017 02:02 AM","https://tda159.fraudmap.net:443/goto.jsf?sess=637401728000290"
"NV","0.8","null","A000000012345678","109","","LoginSuccess ","64.41.181.47","aggregator","yodlee.com","united states","california","redwood city","[EN-US,EN;Q=0.8],[EN-US],[],[]","Unix/Chrome 43.0","Mozilla/5.0 (X11; Linux x86_64) AppleWebKit/537.36 (KHTML, like Gecko) Chrome/43.0.2357.125 Safari/537.36","","24|1024|768|768","-8","gzip, deflate","447e414dcd3ce15472ffd4357b6e128110222e431ca1","1","1","","64.41.181.0","+1d 23h 33m","0 miles","","","02/27/2017 07:35 AM","02/27/2017 01:35 AM","https://tda159.fraudmap.net:443/goto.jsf?sess=638170035000290"
"NV","1.2","null","A000000012345678","110","","LoginSuccess ","216.34.61.241","aggregator","yodlee.com","united states","california","redwood city","[EN-US,EN;Q=0.8],[EN-US],[],[]","Unix/Chrome 43.0","Mozilla/5.0 (X11; Linux x86_64) AppleWebKit/537.36 (KHTML, like Gecko) Chrome/43.0.2357.125 Safari/537.36","","24|1024|768|768","-8","gzip, deflate","447e414dcd3ce15472ffd4357b6e128110222e431ca1","1","1","","216.34.61.0","+1d 2h 51m","0 miles","","","02/28/2017 10:26 AM","02/28/2017 04:26 AM","https://tda159.fraudmap.net:443/goto.jsf?sess=639177218000290"
"NV","1.0","null","A000000012345678","111","","LoginSuccess ","216.34.61.23","aggregator","yodlee.com","united states","california","redwood city","[EN-US,EN;Q=0.8],[EN-US],[],[]","Unix/Chrome 43.0","Mozilla/5.0 (X11; Linux x86_64) AppleWebKit/537.36 (KHTML, like Gecko) Chrome/43.0.2357.125 Safari/537.36","","24|1024|768|768","-8","gzip, deflate","447e414dcd3ce15472ffd4357b6e128110222e431ca1","1","1","","216.34.61.0","+1d 0h 18m","0 miles","","","03/01/2017 10:44 AM","03/01/2017 04:44 AM","https://tda159.fraudmap.net:443/goto.jsf?sess=640097232000290"
"NV","0.9","null","A000000012345678","112","","LoginSuccess ","64.41.181.245","aggregator","yodlee.com","united states","california","redwood city","[EN-US,EN;Q=0.8],[EN-US],[],[]","Unix/Chrome 43.0","Mozilla/5.0 (X11; Linux x86_64) AppleWebKit/537.36 (KHTML, like Gecko) Chrome/43.0.2357.125 Safari/537.36","","24|1024|768|768","-8","gzip, deflate","447e414dcd3ce15472ffd4357b6e128110222e431ca1","1","1","","64.41.181.0","+0d 20h 56m","0 miles","","","03/02/2017 07:41 AM","03/02/2017 01:41 AM","https://tda159.fraudmap.net:443/goto.jsf?sess=641241948000290"
"NV","1.1","null","A000000012345678","113","","LoginSuccess ","216.34.61.117","aggregator","yodlee.com","united states","california","redwood city","[EN-US,EN;Q=0.8],[EN-US],[],[]","Unix/Chrome 43.0","Mozilla/5.0 (X11; Linux x86_64) AppleWebKit/537.36 (KHTML, like Gecko) Chrome/43.0.2357.125 Safari/537.36","","24|1024|768|768","-8","gzip, deflate","447e414dcd3ce15472ffd4357b6e128110222e431ca1","1","1","","216.34.61.0","+1d 3h 52m","0 miles","","","03/03/2017 11:32 AM","03/03/2017 05:32 AM","https://tda159.fraudmap.net:443/goto.jsf?sess=642318027000290"
"NV","1.0","null","A000000012345678","114","","LoginSuccess ","64.41.181.55","aggregator","yodlee.com","united states","california","redwood city","[EN-US,EN;Q=0.8],[EN-US],[],[]","Unix/Chrome 43.0","Mozilla/5.0 (X11; Linux x86_64) AppleWebKit/537.36 (KHTML, like Gecko) Chrome/43.0.2357.125 Safari/537.36","","24|1024|768|768","-8","gzip, deflate","447e414dcd3ce15472ffd4357b6e128110222e431ca1","1","1","","64.41.181.0","+0d 23h 57m","0 miles","","","03/04/2017 11:30 AM","03/04/2017 05:30 AM","https://tda159.fraudmap.net:443/goto.jsf?sess=643261927000290"
"NV","0.9","null","A000000012345678","115","","LoginSuccess ","64.41.181.45","aggregator","yodlee.com","united states","california","redwood city","[EN-US,EN;Q=0.8],[EN-US],[],[]","Unix/Chrome 43.0","Mozilla/5.0 (X11; Linux x86_64) AppleWebKit/537.36 (KHTML, like Gecko) Chrome/43.0.2357.125 Safari/537.36","","24|1024|768|768","-8","gzip, deflate","447e414dcd3ce15472ffd4357b6e128110222e431ca1","1","1","","64.41.181.0","+1d 20h 13m","0 miles","","","03/06/2017 07:43 AM","03/06/2017 01:43 AM","https://tda159.fraudmap.net:443/goto.jsf?sess=643976726000290"
"NV","0.9","null","A000000012345678","116","","LoginSuccess ","64.41.181.195","aggregator","yodlee.com","united states","california","redwood city","[EN-US,EN;Q=0.8],[EN-US],[],[]","Unix/Chrome 43.0","Mozilla/5.0 (X11; Linux x86_64) AppleWebKit/537.36 (KHTML, like Gecko) Chrome/43.0.2357.125 Safari/537.36","","24|1024|768|768","-8","gzip, deflate","447e414dcd3ce15472ffd4357b6e128110222e431ca1","1","1","","64.41.181.0","+0d 20h 19m","0 miles","","","03/07/2017 04:02 AM","03/06/2017 10:02 PM","https://tda159.fraudmap.net:443/goto.jsf?sess=644834662000290"
"NV","0.9","null","A000000012345678","117","","LoginSuccess ","64.41.181.45","aggregator","yodlee.com","united states","california","redwood city","[EN-US,EN;Q=0.8],[EN-US],[],[]","Unix/Chrome 43.0","Mozilla/5.0 (X11; Linux x86_64) AppleWebKit/537.36 (KHTML, like Gecko) Chrome/43.0.2357.125 Safari/537.36","","24|1024|768|768","-8","gzip, deflate","447e414dcd3ce15472ffd4357b6e128110222e431ca1","1","1","","64.41.181.0","+1d 3h 56m","0 miles","","","03/08/2017 07:58 AM","03/08/2017 01:58 AM","https://tda159.fraudmap.net:443/goto.jsf?sess=645775676000290"
"NV","1.1","null","A000000012345678","118","","LoginSuccess ","64.41.181.73","aggregator","yodlee.com","united states","california","redwood city","[EN-US,EN;Q=0.8],[EN-US],[],[]","Unix/Chrome 43.0","Mozilla/5.0 (X11; Linux x86_64) AppleWebKit/537.36 (KHTML, like Gecko) Chrome/43.0.2357.125 Safari/537.36","","24|1024|768|768","-8","gzip, deflate","447e414dcd3ce15472ffd4357b6e128110222e431ca1","1","1","","64.41.181.0","+1d 3h 17m","0 miles","","","03/09/2017 11:15 AM","03/09/2017 05:15 AM","https://tda159.fraudmap.net:443/goto.jsf?sess=646676900000290"
"NV","1.2","null","A000000012345678","119","","LoginSuccess ","216.34.61.51","aggregator","yodlee.com","united states","california","redwood city","[EN-US,EN;Q=0.8],[EN-US],[],[]","Unix/Chrome 43.0","Mozilla/5.0 (X11; Linux x86_64) AppleWebKit/537.36 (KHTML, like Gecko) Chrome/43.0.2357.125 Safari/537.36","","24|1024|768|768","-8","gzip, deflate","447e414dcd3ce15472ffd4357b6e128110222e431ca1","1","1","","216.34.61.0","+0d 23h 10m","0 miles","","","03/10/2017 10:25 AM","03/10/2017 04:25 AM","https://tda159.fraudmap.net:443/goto.jsf?sess=647526369000290"
"NV","1.1","null","A000000012345678","120","","LoginSuccess ","64.41.181.49","aggregator","yodlee.com","united states","california","redwood city","[EN-US,EN;Q=0.8],[EN-US],[],[]","Unix/Chrome 43.0","Mozilla/5.0 (X11; Linux x86_64) AppleWebKit/537.36 (KHTML, like Gecko) Chrome/43.0.2357.125 Safari/537.36","","24|1024|768|768","-8","gzip, deflate","447e414dcd3ce15472ffd4357b6e128110222e431ca1","1","1","","64.41.181.0","+0d 23h 39m","0 miles","","","03/11/2017 10:04 AM","03/11/2017 04:04 AM","https://tda159.fraudmap.net:443/goto.jsf?sess=648392513000290"
"NV","0.9","null","A000000012345678","121","","LoginSuccess ","64.41.181.119","aggregator","yodlee.com","united states","california","redwood city","[EN-US,EN;Q=0.8],[EN-US],[],[]","Unix/Chrome 43.0","Mozilla/5.0 (X11; Linux x86_64) AppleWebKit/537.36 (KHTML, like Gecko) Chrome/43.0.2357.125 Safari/537.36","","24|1024|768|768","-7","gzip, deflate","447e414dcd3ce15472ffd4357b6e128110222e431ca1","1","1","","64.41.181.0","+1d 22h 14m","0 miles","","","03/13/2017 08:18 AM","03/13/2017 03:18 AM","https://tda159.fraudmap.net:443/goto.jsf?sess=649103447000290"
"NV","1.0","null","A000000012345678","122","","LoginSuccess ","64.41.181.21","aggregator","yodlee.com","united states","california","redwood city","[EN-US,EN;Q=0.8],[EN-US],[],[]","Unix/Chrome 43.0","Mozilla/5.0 (X11; Linux x86_64) AppleWebKit/537.36 (KHTML, like Gecko) Chrome/43.0.2357.125 Safari/537.36","","24|1024|768|768","-7","gzip, deflate","447e414dcd3ce15472ffd4357b6e128110222e431ca1","1","1","","64.41.181.0","+1d 1h 29m","0 miles","","","03/14/2017 09:48 AM","03/14/2017 04:48 AM","https://tda159.fraudmap.net:443/goto.jsf?sess=650021583000290"
"NV","0.9","null","A000000012345678","123","","LoginSuccess ","64.41.181.39","aggregator","yodlee.com","united states","california","redwood city","[EN-US,EN;Q=0.8],[EN-US],[],[]","Unix/Chrome 43.0","Mozilla/5.0 (X11; Linux x86_64) AppleWebKit/537.36 (KHTML, like Gecko) Chrome/43.0.2357.125 Safari/537.36","","24|1024|768|768","-7","gzip, deflate","447e414dcd3ce15472ffd4357b6e128110222e431ca1","1","1","","64.41.181.0","+0d 21h 51m","0 miles","","","03/15/2017 07:39 AM","03/15/2017 02:39 AM","https://tda159.fraudmap.net:443/goto.jsf?sess=650845201000290"
"NV","0.9","null","A000000012345678","124","","LoginSuccess ","216.34.61.143","aggregator","yodlee.com","united states","california","redwood city","[EN-US,EN;Q=0.8],[EN-US],[],[]","Unix/Chrome 43.0","Mozilla/5.0 (X11; Linux x86_64) AppleWebKit/537.36 (KHTML, like Gecko) Chrome/43.0.2357.125 Safari/537.36","","24|1024|768|768","-7","gzip, deflate","447e414dcd3ce15472ffd4357b6e128110222e431ca1","1","1","","216.34.61.0","+1d 1h 4m","0 miles","","","03/16/2017 08:43 AM","03/16/2017 03:43 AM","https://tda159.fraudmap.net:443/goto.jsf?sess=651823304000290"
"NV","0.8","null","A000000012345678","125","","LoginSuccess ","216.34.61.249","aggregator","yodlee.com","united states","california","redwood city","[EN-US,EN;Q=0.8],[EN-US],[],[]","Unix/Chrome 43.0","Mozilla/5.0 (X11; Linux x86_64) AppleWebKit/537.36 (KHTML, like Gecko) Chrome/43.0.2357.125 Safari/537.36","","24|1024|768|768","-7","gzip, deflate","447e414dcd3ce15472ffd4357b6e128110222e431ca1","1","1","","216.34.61.0","+0d 22h 53m","0 miles","","","03/17/2017 07:36 AM","03/17/2017 02:36 AM","https://tda159.fraudmap.net:443/goto.jsf?sess=652712677000290"
"NV","1.0","null","A000000012345678","126","","LoginSuccess ","216.34.61.191","aggregator","yodlee.com","united states","california","redwood city","[EN-US,EN;Q=0.8],[EN-US],[],[]","Unix/Chrome 43.0","Mozilla/5.0 (X11; Linux x86_64) AppleWebKit/537.36 (KHTML, like Gecko) Chrome/43.0.2357.125 Safari/537.36","","24|1024|768|768","-7","gzip, deflate","447e414dcd3ce15472ffd4357b6e128110222e431ca1","1","1","","216.34.61.0","+2d 14h 35m","0 miles","","","03/19/2017 10:12 PM","03/19/2017 05:12 PM","https://tda159.fraudmap.net:443/goto.jsf?sess=654139484000290"
"NV","0.9","null","A000000012345678","127","","LoginSuccess ","64.41.181.39","aggregator","yodlee.com","united states","california","redwood city","[EN-US,EN;Q=0.8],[EN-US],[],[]","Unix/Chrome 43.0","Mozilla/5.0 (X11; Linux x86_64) AppleWebKit/537.36 (KHTML, like Gecko) Chrome/43.0.2357.125 Safari/537.36","","24|1024|768|768","-7","gzip, deflate","447e414dcd3ce15472ffd4357b6e128110222e431ca1","1","1","","64.41.181.0","+1d 4h 50m","0 miles","","","03/21/2017 03:02 AM","03/20/2017 10:02 PM","https://tda159.fraudmap.net:443/goto.jsf?sess=655084776000290"
"NV","0.8","null","A000000012345678","128","","LoginSuccess ","64.41.181.93","aggregator","yodlee.com","united states","california","redwood city","[EN-US,EN;Q=0.8],[EN-US],[],[]","Unix/Chrome 43.0","Mozilla/5.0 (X11; Linux x86_64) AppleWebKit/537.36 (KHTML, like Gecko) Chrome/43.0.2357.125 Safari/537.36","","24|1024|768|768","-7","gzip, deflate","447e414dcd3ce15472ffd4357b6e128110222e431ca1","1","1","","64.41.181.0","+1d 3h 25m","0 miles","","","03/22/2017 06:27 AM","03/22/2017 01:27 AM","https://tda159.fraudmap.net:443/goto.jsf?sess=656049812000290"
"NV","0.9","null","A000000012345678","129","","LoginSuccess ","64.41.181.97","aggregator","yodlee.com","united states","california","redwood city","[EN-US,EN;Q=0.8],[EN-US],[],[]","Unix/Chrome 43.0","Mozilla/5.0 (X11; Linux x86_64) AppleWebKit/537.36 (KHTML, like Gecko) Chrome/43.0.2357.125 Safari/537.36","","24|1024|768|768","-7","gzip, deflate","447e414dcd3ce15472ffd4357b6e128110222e431ca1","1","1","","64.41.181.0","+1d 0h 57m","0 miles","","","03/23/2017 07:24 AM","03/23/2017 02:24 AM","https://tda159.fraudmap.net:443/goto.jsf?sess=656932274000290"
"NV","0.9","null","A000000012345678","130","","LoginSuccess ","64.41.181.19","aggregator","yodlee.com","united states","california","redwood city","[EN-US,EN;Q=0.8],[EN-US],[],[]","Unix/Chrome 43.0","Mozilla/5.0 (X11; Linux x86_64) AppleWebKit/537.36 (KHTML, like Gecko) Chrome/43.0.2357.125 Safari/537.36","","24|1024|768|768","-7","gzip, deflate","447e414dcd3ce15472ffd4357b6e128110222e431ca1","1","1","","64.41.181.0","+0d 23h 5m","0 miles","","","03/24/2017 06:28 AM","03/24/2017 01:28 AM","https://tda159.fraudmap.net:443/goto.jsf?sess=657758429000290"
"NV","0.8","null","A000000012345678","131","","LoginSuccess ","64.41.181.27","aggregator","yodlee.com","united states","california","redwood city","[EN-US,EN;Q=0.8],[EN-US],[],[]","Unix/Chrome 43.0","Mozilla/5.0 (X11; Linux x86_64) AppleWebKit/537.36 (KHTML, like Gecko) Chrome/43.0.2357.125 Safari/537.36","","24|1024|768|768","-7","gzip, deflate","447e414dcd3ce15472ffd4357b6e128110222e431ca1","1","1","","64.41.181.0","+1d 2h 16m","0 miles","","","03/25/2017 08:44 AM","03/25/2017 03:44 AM","https://tda159.fraudmap.net:443/goto.jsf?sess=658593931000290"
"NV","0.9","null","A000000012345678","132","","LoginSuccess ","64.41.181.97","aggregator","yodlee.com","united states","california","redwood city","[EN-US,EN;Q=0.8],[EN-US],[],[]","Unix/Chrome 43.0","Mozilla/5.0 (X11; Linux x86_64) AppleWebKit/537.36 (KHTML, like Gecko) Chrome/43.0.2357.125 Safari/537.36","","24|1024|768|768","-7","gzip, deflate","447e414dcd3ce15472ffd4357b6e128110222e431ca1","1","1","","64.41.181.0","+1d 17h 24m","0 miles","","","03/27/2017 02:08 AM","03/26/2017 09:08 PM","https://tda159.fraudmap.net:443/goto.jsf?sess=659206036000290"
"NV","1.1","null","A000000012345678","133","","LoginSuccess ","64.41.181.75","aggregator","yodlee.com","united states","california","redwood city","[EN-US,EN;Q=0.8],[EN-US],[],[]","Unix/Chrome 43.0","Mozilla/5.0 (X11; Linux x86_64) AppleWebKit/537.36 (KHTML, like Gecko) Chrome/43.0.2357.125 Safari/537.36","","24|1024|768|768","-7","gzip, deflate","447e414dcd3ce15472ffd4357b6e128110222e431ca1","1","1","","64.41.181.0","+0d 22h 56m","0 miles","","","03/28/2017 01:04 AM","03/27/2017 08:04 PM","https://tda159.fraudmap.net:443/goto.jsf?sess=660031147000290"
"NV","0.9","null","A000000012345678","134","","LoginSuccess ","216.34.61.209","aggregator","yodlee.com","united states","california","redwood city","[EN-US,EN;Q=0.8],[EN-US],[],[]","Unix/Chrome 43.0","Mozilla/5.0 (X11; Linux x86_64) AppleWebKit/537.36 (KHTML, like Gecko) Chrome/43.0.2357.125 Safari/537.36","","24|1024|768|768","-7","gzip, deflate","447e414dcd3ce15472ffd4357b6e128110222e431ca1","1","1","","216.34.61.0","+1d 0h 39m","0 miles","","","03/29/2017 01:43 AM","03/28/2017 08:43 PM","https://tda159.fraudmap.net:443/goto.jsf?sess=660973499000290"
"NV","0.8","null","A000000012345678","135","","LoginSuccess ","216.34.61.227","aggregator","yodlee.com","united states","california","redwood city","[EN-US,EN;Q=0.8],[EN-US],[],[]","Unix/Chrome 43.0","Mozilla/5.0 (X11; Linux x86_64) AppleWebKit/537.36 (KHTML, like Gecko) Chrome/43.0.2357.125 Safari/537.36","","24|1024|768|768","-7","gzip, deflate","447e414dcd3ce15472ffd4357b6e128110222e431ca1","1","1","","216.34.61.0","+1d 1h 13m","0 miles","","","03/30/2017 02:56 AM","03/29/2017 09:56 PM","https://tda159.fraudmap.net:443/goto.jsf?sess=661914526000290"
"NV","0.9","null","A000000012345678","136","","LoginSuccess ","216.34.61.183","aggregator","yodlee.com","united states","california","redwood city","[EN-US,EN;Q=0.8],[EN-US],[],[]","Unix/Chrome 43.0","Mozilla/5.0 (X11; Linux x86_64) AppleWebKit/537.36 (KHTML, like Gecko) Chrome/43.0.2357.125 Safari/537.36","","24|1024|768|768","-7","gzip, deflate","447e414dcd3ce15472ffd4357b6e128110222e431ca1","1","1","","216.34.61.0","+1d 5h 24m","0 miles","","","03/31/2017 08:21 AM","03/31/2017 03:21 AM","https://tda159.fraudmap.net:443/goto.jsf?sess=662910300000290"
"NV","1.1","null","A000000012345678","137","","LoginSuccess ","216.34.61.101","aggregator","yodlee.com","united states","california","redwood city","[EN-US,EN;Q=0.8],[EN-US],[],[]","Unix/Chrome 43.0","Mozilla/5.0 (X11; Linux x86_64) AppleWebKit/537.36 (KHTML, like Gecko) Chrome/43.0.2357.125 Safari/537.36","","24|1024|768|768","-7","gzip, deflate","447e414dcd3ce15472ffd4357b6e128110222e431ca1","1","1","","216.34.61.0","+1d 7h 45m","0 miles","","","04/01/2017 04:05 PM","04/01/2017 11:05 AM","https://tda159.fraudmap.net:443/goto.jsf?sess=663958949000290"
"NV","0.9","null","A000000012345678","138","","LoginSuccess ","64.41.181.49","aggregator","yodlee.com","united states","california","redwood city","[EN-US,EN;Q=0.8],[EN-US],[],[]","Unix/Chrome 43.0","Mozilla/5.0 (X11; Linux x86_64) AppleWebKit/537.36 (KHTML, like Gecko) Chrome/43.0.2357.125 Safari/537.36","","24|1024|768|768","-7","gzip, deflate","447e414dcd3ce15472ffd4357b6e128110222e431ca1","1","1","","64.41.181.0","+1d 9h 19m","0 miles","","","04/03/2017 01:25 AM","04/02/2017 08:25 PM","https://tda159.fraudmap.net:443/goto.jsf?sess=664462030000290"
"NV","0.9","null","A000000012345678","139","","LoginSuccess ","216.34.61.249","aggregator","yodlee.com","united states","california","redwood city","[EN-US,EN;Q=0.8],[EN-US],[],[]","Unix/Chrome 43.0","Mozilla/5.0 (X11; Linux x86_64) AppleWebKit/537.36 (KHTML, like Gecko) Chrome/43.0.2357.125 Safari/537.36","","24|1024|768|768","-7","gzip, deflate","447e414dcd3ce15472ffd4357b6e128110222e431ca1","1","1","","216.34.61.0","+1d 0h 31m","0 miles","","","04/04/2017 01:55 AM","04/03/2017 08:55 PM","https://tda159.fraudmap.net:443/goto.jsf?sess=665358851000290"
"NV","0.9","null","A000000012345678","140","","LoginSuccess ","216.34.61.31","aggregator","yodlee.com","united states","california","redwood city","[EN-US,EN;Q=0.8],[EN-US],[],[]","Unix/Chrome 43.0","Mozilla/5.0 (X11; Linux x86_64) AppleWebKit/537.36 (KHTML, like Gecko) Chrome/43.0.2357.125 Safari/537.36","","24|1024|768|768","-7","gzip, deflate","447e414dcd3ce15472ffd4357b6e128110222e431ca1","1","1","","216.34.61.0","+1d 5h 59m","0 miles","","","04/05/2017 07:54 AM","04/05/2017 02:54 AM","https://tda159.fraudmap.net:443/goto.jsf?sess=666381683000290"
"NV","0.9","null","A000000012345678","141","","LoginSuccess ","64.41.181.145","aggregator","yodlee.com","united states","california","redwood city","[EN-US,EN;Q=0.8],[EN-US],[],[]","Unix/Chrome 43.0","Mozilla/5.0 (X11; Linux x86_64) AppleWebKit/537.36 (KHTML, like Gecko) Chrome/43.0.2357.125 Safari/537.36","","24|1024|768|768","-7","gzip, deflate","447e414dcd3ce15472ffd4357b6e128110222e431ca1","1","1","","64.41.181.0","+0d 20h 52m","0 miles","","","04/06/2017 04:47 AM","04/05/2017 11:47 PM","https://tda159.fraudmap.net:443/goto.jsf?sess=667264140000290"
"NV","1.1","null","A000000012345678","142","","LoginSuccess ","64.41.181.19","aggregator","yodlee.com","united states","california","redwood city","[EN-US,EN;Q=0.8],[EN-US],[],[]","Unix/Chrome 43.0","Mozilla/5.0 (X11; Linux x86_64) AppleWebKit/537.36 (KHTML, like Gecko) Chrome/43.0.2357.125 Safari/537.36","","24|1024|768|768","-7","gzip, deflate","447e414dcd3ce15472ffd4357b6e128110222e431ca1","1","1","","64.41.181.0","+1d 0h 29m","0 miles","","","04/07/2017 05:16 AM","04/07/2017 12:16 AM","https://tda159.fraudmap.net:443/goto.jsf?sess=668150568000290"
"NV","0.8","null","A000000012345678","143","","LoginSuccess ","216.34.61.167","aggregator","yodlee.com","united states","california","redwood city","[EN-US,EN;Q=0.8],[EN-US],[],[]","Unix/Chrome 43.0","Mozilla/5.0 (X11; Linux x86_64) AppleWebKit/537.36 (KHTML, like Gecko) Chrome/43.0.2357.125 Safari/537.36","","24|1024|768|768","-7","gzip, deflate","447e414dcd3ce15472ffd4357b6e128110222e431ca1","1","1","","216.34.61.0","+0d 22h 23m","0 miles","","","04/08/2017 03:39 AM","04/07/2017 10:39 PM","https://tda159.fraudmap.net:443/goto.jsf?sess=668960405000290"
"NV","0.9","null","A000000012345678","144","","LoginSuccess ","64.41.181.51","aggregator","yodlee.com","united states","california","redwood city","[EN-US,EN;Q=0.8],[EN-US],[],[]","Unix/Chrome 43.0","Mozilla/5.0 (X11; Linux x86_64) AppleWebKit/537.36 (KHTML, like Gecko) Chrome/43.0.2357.125 Safari/537.36","","24|1024|768|768","-7","gzip, deflate","447e414dcd3ce15472ffd4357b6e128110222e431ca1","1","1","","64.41.181.0","+1d 2h 14m","0 miles","","","04/09/2017 05:52 AM","04/09/2017 12:52 AM","https://tda159.fraudmap.net:443/goto.jsf?sess=669403428000290"
"NV","0.9","null","A000000012345678","145","","LoginSuccess ","64.41.181.135","aggregator","yodlee.com","united states","california","redwood city","[EN-US,EN;Q=0.8],[EN-US],[],[]","Unix/Chrome 43.0","Mozilla/5.0 (X11; Linux x86_64) AppleWebKit/537.36 (KHTML, like Gecko) Chrome/43.0.2357.125 Safari/537.36","","24|1024|768|768","-7","gzip, deflate","447e414dcd3ce15472ffd4357b6e128110222e431ca1","1","1","","64.41.181.0","+0d 23h 7m","0 miles","","","04/10/2017 04:59 AM","04/09/2017 11:59 PM","https://tda159.fraudmap.net:443/goto.jsf?sess=669690942000290"
"NV","0.9","null","A000000012345678","146","","LoginSuccess ","216.34.61.65","aggregator","yodlee.com","united states","california","redwood city","[EN-US,EN;Q=0.8],[EN-US],[],[]","Unix/Chrome 43.0","Mozilla/5.0 (X11; Linux x86_64) AppleWebKit/537.36 (KHTML, like Gecko) Chrome/43.0.2357.125 Safari/537.36","","24|1024|768|768","-7","gzip, deflate","447e414dcd3ce15472ffd4357b6e128110222e431ca1","1","1","","216.34.61.0","+1d 1h 21m","0 miles","","","04/11/2017 06:20 AM","04/11/2017 01:20 AM","https://tda159.fraudmap.net:443/goto.jsf?sess=670598310000290"
"NV","0.9","null","A000000012345678","147","","LoginSuccess ","216.34.61.189","aggregator","yodlee.com","united states","california","redwood city","[EN-US,EN;Q=0.8],[EN-US],[],[]","Unix/Chrome 43.0","Mozilla/5.0 (X11; Linux x86_64) AppleWebKit/537.36 (KHTML, like Gecko) Chrome/43.0.2357.125 Safari/537.36","","24|1024|768|768","-7","gzip, deflate","447e414dcd3ce15472ffd4357b6e128110222e431ca1","1","1","","216.34.61.0","+1d 0h 8m","0 miles","","","04/12/2017 06:28 AM","04/12/2017 01:28 AM","https://tda159.fraudmap.net:443/goto.jsf?sess=671476038000290"
"NV","0.9","null","A000000012345678","148","","LoginSuccess ","64.41.181.221","aggregator","yodlee.com","united states","california","redwood city","[EN-US,EN;Q=0.8],[EN-US],[],[]","Unix/Chrome 43.0","Mozilla/5.0 (X11; Linux x86_64) AppleWebKit/537.36 (KHTML, like Gecko) Chrome/43.0.2357.125 Safari/537.36","","24|1024|768|768","-7","gzip, deflate","447e414dcd3ce15472ffd4357b6e128110222e431ca1","1","1","","64.41.181.0","+0d 20h 51m","0 miles","","","04/13/2017 03:19 AM","04/12/2017 10:19 PM","https://tda159.fraudmap.net:443/goto.jsf?sess=672268211000290"
"NV","1.1","null","A000000012345678","149","","LoginSuccess ","64.41.181.19","aggregator","yodlee.com","united states","california","redwood city","[EN-US,EN;Q=0.8],[EN-US],[],[]","Unix/Chrome 43.0","Mozilla/5.0 (X11; Linux x86_64) AppleWebKit/537.36 (KHTML, like Gecko) Chrome/43.0.2357.125 Safari/537.36","","24|1024|768|768","-7","gzip, deflate","447e414dcd3ce15472ffd4357b6e128110222e431ca1","1","1","","64.41.181.0","+1d 1h 7m","0 miles","","","04/14/2017 04:25 AM","04/13/2017 11:25 PM","https://tda159.fraudmap.net:443/goto.jsf?sess=673104798000290"
"NV","0.9","null","A000000012345678","150","","LoginSuccess ","216.34.61.81","aggregator","yodlee.com","united states","california","redwood city","[EN-US,EN;Q=0.8],[EN-US],[],[]","Unix/Chrome 43.0","Mozilla/5.0 (X11; Linux x86_64) AppleWebKit/537.36 (KHTML, like Gecko) Chrome/43.0.2357.125 Safari/537.36","","24|1024|768|768","-7","gzip, deflate","447e414dcd3ce15472ffd4357b6e128110222e431ca1","1","1","","216.34.61.0","+0d 21h 37m","0 miles","","","04/15/2017 02:02 AM","04/14/2017 09:02 PM","https://tda159.fraudmap.net:443/goto.jsf?sess=673569773000290"
"NV","0.8","null","A000000012345678","151","","LoginSuccess ","64.41.181.105","aggregator","yodlee.com","united states","california","redwood city","[EN-US,EN;Q=0.8],[EN-US],[],[]","Unix/Chrome 43.0","Mozilla/5.0 (X11; Linux x86_64) AppleWebKit/537.36 (KHTML, like Gecko) Chrome/43.0.2357.125 Safari/537.36","","24|1024|768|768","-7","gzip, deflate","447e414dcd3ce15472ffd4357b6e128110222e431ca1","1","1","","64.41.181.0","+1d 3h 32m","0 miles","","","04/16/2017 05:35 AM","04/16/2017 12:35 AM","https://tda159.fraudmap.net:443/goto.jsf?sess=673978123000290"
"NV","0.9","null","A000000012345678","152","","LoginSuccess ","64.41.181.73","aggregator","yodlee.com","united states","california","redwood city","[EN-US,EN;Q=0.8],[EN-US],[],[]","Unix/Chrome 43.0","Mozilla/5.0 (X11; Linux x86_64) AppleWebKit/537.36 (KHTML, like Gecko) Chrome/43.0.2357.125 Safari/537.36","","24|1024|768|768","-7","gzip, deflate","447e414dcd3ce15472ffd4357b6e128110222e431ca1","1","1","","64.41.181.0","+1d 2h 12m","0 miles","","","04/17/2017 07:46 AM","04/17/2017 02:46 AM","https://tda159.fraudmap.net:443/goto.jsf?sess=674276247000290"
"NV","0.8","null","A000000012345678","153","","LoginSuccess ","216.34.61.247","aggregator","yodlee.com","united states","california","redwood city","[EN-US,EN;Q=0.8],[EN-US],[],[]","Unix/Chrome 43.0","Mozilla/5.0 (X11; Linux x86_64) AppleWebKit/537.36 (KHTML, like Gecko) Chrome/43.0.2357.125 Safari/537.36","","24|1024|768|768","-7","gzip, deflate","447e414dcd3ce15472ffd4357b6e128110222e431ca1","1","1","","216.34.61.0","+0d 20h 7m","0 miles","","","04/18/2017 03:53 AM","04/17/2017 10:53 PM","https://tda159.fraudmap.net:443/goto.jsf?sess=675142370000290"
"NV","0.9","null","A000000012345678","154","","LoginSuccess ","64.41.181.73","aggregator","yodlee.com","united states","california","redwood city","[EN-US,EN;Q=0.8],[EN-US],[],[]","Unix/Chrome 43.0","Mozilla/5.0 (X11; Linux x86_64) AppleWebKit/537.36 (KHTML, like Gecko) Chrome/43.0.2357.125 Safari/537.36","","24|1024|768|768","-7","gzip, deflate","447e414dcd3ce15472ffd4357b6e128110222e431ca1","1","1","","64.41.181.0","+1d 4h 26m","0 miles","","","04/19/2017 08:19 AM","04/19/2017 03:19 AM","https://tda159.fraudmap.net:443/goto.jsf?sess=676064620000290"
"NV","0.9","null","A000000012345678","155","","LoginSuccess ","216.34.61.183","aggregator","yodlee.com","united states","california","redwood city","[EN-US,EN;Q=0.8],[EN-US],[],[]","Unix/Chrome 43.0","Mozilla/5.0 (X11; Linux x86_64) AppleWebKit/537.36 (KHTML, like Gecko) Chrome/43.0.2357.125 Safari/537.36","","24|1024|768|768","-7","gzip, deflate","447e414dcd3ce15472ffd4357b6e128110222e431ca1","1","1","","216.34.61.0","+0d 21h 55m","0 miles","","","04/20/2017 06:15 AM","04/20/2017 01:15 AM","https://tda159.fraudmap.net:443/goto.jsf?sess=676869796000290"
"NV","0.9","null","A000000012345678","156","","LoginSuccess ","64.41.181.161","aggregator","yodlee.com","united states","california","redwood city","[EN-US,EN;Q=0.8],[EN-US],[],[]","Unix/Chrome 43.0","Mozilla/5.0 (X11; Linux x86_64) AppleWebKit/537.36 (KHTML, like Gecko) Chrome/43.0.2357.125 Safari/537.36","","24|1024|768|768","-7","gzip, deflate","447e414dcd3ce15472ffd4357b6e128110222e431ca1","1","1","","64.41.181.0","+1d 0h 16m","0 miles","","","04/21/2017 06:31 AM","04/21/2017 01:31 AM","https://tda159.fraudmap.net:443/goto.jsf?sess=677762305000290"
"NV","0.9","null","A000000012345678","157","","LoginSuccess ","216.34.61.191","aggregator","yodlee.com","united states","california","redwood city","[EN-US,EN;Q=0.8],[EN-US],[],[]","Unix/Chrome 43.0","Mozilla/5.0 (X11; Linux x86_64) AppleWebKit/537.36 (KHTML, like Gecko) Chrome/43.0.2357.125 Safari/537.36","","24|1024|768|768","-7","gzip, deflate","447e414dcd3ce15472ffd4357b6e128110222e431ca1","1","1","","216.34.61.0","+1d 2h 12m","0 miles","","","04/22/2017 08:42 AM","04/22/2017 03:42 AM","https://tda159.fraudmap.net:443/goto.jsf?sess=678579932000290"
"NV","0.9","null","A000000012345678","158","","LoginSuccess ","64.41.181.79","aggregator","yodlee.com","united states","california","redwood city","[EN-US,EN;Q=0.8],[EN-US],[],[]","Unix/Chrome 43.0","Mozilla/5.0 (X11; Linux x86_64) AppleWebKit/537.36 (KHTML, like Gecko) Chrome/43.0.2357.125 Safari/537.36","","24|1024|768|768","-7","gzip, deflate","447e414dcd3ce15472ffd4357b6e128110222e431ca1","1","1","","64.41.181.0","+0d 17h 47m","0 miles","","","04/23/2017 02:29 AM","04/22/2017 09:29 PM","https://tda159.fraudmap.net:443/goto.jsf?sess=678897386000290"
"NV","0.9","null","A000000012345678","159","","LoginSuccess ","64.41.181.41","aggregator","yodlee.com","united states","california","redwood city","[EN-US,EN;Q=0.8],[EN-US],[],[]","Unix/Chrome 43.0","Mozilla/5.0 (X11; Linux x86_64) AppleWebKit/537.36 (KHTML, like Gecko) Chrome/43.0.2357.125 Safari/537.36","","24|1024|768|768","-7","gzip, deflate","447e414dcd3ce15472ffd4357b6e128110222e431ca1","1","1","","64.41.181.0","+1d 2h 50m","0 miles","","","04/24/2017 05:19 AM","04/24/2017 12:19 AM","https://tda159.fraudmap.net:443/goto.jsf?sess=679205433000290"
"NV","0.9","null","A000000012345678","160","","LoginSuccess ","64.41.181.71","aggregator","yodlee.com","united states","california","redwood city","[EN-US,EN;Q=0.8],[EN-US],[],[]","Unix/Chrome 43.0","Mozilla/5.0 (X11; Linux x86_64) AppleWebKit/537.36 (KHTML, like Gecko) Chrome/43.0.2357.125 Safari/537.36","","24|1024|768|768","-7","gzip, deflate","447e414dcd3ce15472ffd4357b6e128110222e431ca1","1","1","","64.41.181.0","+1d 1h 25m","0 miles","","","04/25/2017 06:45 AM","04/25/2017 01:45 AM","https://tda159.fraudmap.net:443/goto.jsf?sess=680196093000290"
"NV","0.9","null","A000000012345678","161","","LoginSuccess ","64.41.181.197","aggregator","yodlee.com","united states","california","redwood city","[EN-US,EN;Q=0.8],[EN-US],[],[]","Unix/Chrome 43.0","Mozilla/5.0 (X11; Linux x86_64) AppleWebKit/537.36 (KHTML, like Gecko) Chrome/43.0.2357.125 Safari/537.36","","24|1024|768|768","-7","gzip, deflate","447e414dcd3ce15472ffd4357b6e128110222e431ca1","1","1","","64.41.181.0","+1d 0h 29m","0 miles","","","04/26/2017 07:14 AM","04/26/2017 02:14 AM","https://tda159.fraudmap.net:443/goto.jsf?sess=681226960000290"
"NV","0.9","null","A000000012345678","162","","LoginSuccess ","64.41.181.17","aggregator","yodlee.com","united states","california","redwood city","[EN-US,EN;Q=0.8],[EN-US],[],[]","Unix/Chrome 43.0","Mozilla/5.0 (X11; Linux x86_64) AppleWebKit/537.36 (KHTML, like Gecko) Chrome/43.0.2357.125 Safari/537.36","","24|1024|768|768","-7","gzip, deflate","447e414dcd3ce15472ffd4357b6e128110222e431ca1","1","1","","64.41.181.0","+0d 22h 47m","0 miles","","","04/27/2017 06:00 AM","04/27/2017 01:00 AM","https://tda159.fraudmap.net:443/goto.jsf?sess=682153580000290"
"NV","0.9","null","A000000012345678","163","","LoginSuccess ","216.34.61.193","aggregator","yodlee.com","united states","california","redwood city","[EN-US,EN;Q=0.8],[EN-US],[],[]","Unix/Chrome 43.0","Mozilla/5.0 (X11; Linux x86_64) AppleWebKit/537.36 (KHTML, like Gecko) Chrome/43.0.2357.125 Safari/537.36","","24|1024|768|768","-7","gzip, deflate","447e414dcd3ce15472ffd4357b6e128110222e431ca1","1","1","","216.34.61.0","+1d 1h 21m","0 miles","","","04/28/2017 07:21 AM","04/28/2017 02:21 AM","https://tda159.fraudmap.net:443/goto.jsf?sess=683081542000290"
"NV","1.1","null","A000000012345678","164","","LoginSuccess ","216.34.61.171","aggregator","yodlee.com","united states","california","redwood city","[EN-US,EN;Q=0.8],[EN-US],[],[]","Unix/Chrome 43.0","Mozilla/5.0 (X11; Linux x86_64) AppleWebKit/537.36 (KHTML, like Gecko) Chrome/43.0.2357.125 Safari/537.36","","24|1024|768|768","-7","gzip, deflate","447e414dcd3ce15472ffd4357b6e128110222e431ca1","1","1","","216.34.61.0","+0d 23h 26m","0 miles","","","04/29/2017 06:47 AM","04/29/2017 01:47 AM","https://tda159.fraudmap.net:443/goto.jsf?sess=683926834000290"
"NV","0.9","null","A000000012345678","165","","LoginSuccess ","64.41.181.147","aggregator","yodlee.com","united states","california","redwood city","[EN-US,EN;Q=0.8],[EN-US],[],[]","Unix/Chrome 43.0","Mozilla/5.0 (X11; Linux x86_64) AppleWebKit/537.36 (KHTML, like Gecko) Chrome/43.0.2357.125 Safari/537.36","","24|1024|768|768","-7","gzip, deflate","447e414dcd3ce15472ffd4357b6e128110222e431ca1","1","1","","64.41.181.0","+0d 21h 54m","0 miles","","","04/30/2017 04:41 AM","04/29/2017 11:41 PM","https://tda159.fraudmap.net:443/goto.jsf?sess=684312925000290"
"NV","0.9","null","A000000012345678","166","","LoginSuccess ","64.41.181.15","aggregator","yodlee.com","united states","california","redwood city","[EN-US,EN;Q=0.8],[EN-US],[],[]","Unix/Chrome 43.0","Mozilla/5.0 (X11; Linux x86_64) AppleWebKit/537.36 (KHTML, like Gecko) Chrome/43.0.2357.125 Safari/537.36","","24|1024|768|768","-7","gzip, deflate","447e414dcd3ce15472ffd4357b6e128110222e431ca1","1","1","","64.41.181.0","+1d 0h 11m","0 miles","","","05/01/2017 04:52 AM","04/30/2017 11:52 PM","https://tda159.fraudmap.net:443/goto.jsf?sess=684630392000290"
"NV","0.9","null","A000000012345678","167","","LoginSuccess ","216.34.61.67","aggregator","yodlee.com","united states","california","redwood city","[EN-US,EN;Q=0.8],[EN-US],[],[]","Unix/Chrome 43.0","Mozilla/5.0 (X11; Linux x86_64) AppleWebKit/537.36 (KHTML, like Gecko) Chrome/43.0.2357.125 Safari/537.36","","24|1024|768|768","-7","gzip, deflate","447e414dcd3ce15472ffd4357b6e128110222e431ca1","1","1","","216.34.61.0","+1d 3h 54m","0 miles","","","05/02/2017 08:46 AM","05/02/2017 03:46 AM","https://tda159.fraudmap.net:443/goto.jsf?sess=685660401000290"
"NV","0.9","null","A000000012345678","168","","LoginSuccess ","216.34.61.89","aggregator","yodlee.com","united states","california","redwood city","[EN-US,EN;Q=0.8],[EN-US],[],[]","Unix/Chrome 43.0","Mozilla/5.0 (X11; Linux x86_64) AppleWebKit/537.36 (KHTML, like Gecko) Chrome/43.0.2357.125 Safari/537.36","","24|1024|768|768","-7","gzip, deflate","447e414dcd3ce15472ffd4357b6e128110222e431ca1","1","1","","216.34.61.0","+0d 21h 35m","0 miles","","","05/03/2017 06:21 AM","05/03/2017 01:21 AM","https://tda159.fraudmap.net:443/goto.jsf?sess=686577296000290"
"NV","0.8","null","A000000012345678","169","","LoginSuccess ","216.34.61.173","aggregator","yodlee.com","united states","california","redwood city","[EN-US,EN;Q=0.8],[EN-US],[],[]","Unix/Chrome 43.0","Mozilla/5.0 (X11; Linux x86_64) AppleWebKit/537.36 (KHTML, like Gecko) Chrome/43.0.2357.125 Safari/537.36","","24|1024|768|768","-7","gzip, deflate","447e414dcd3ce15472ffd4357b6e128110222e431ca1","1","1","","216.34.61.0","+1d 18h 53m","0 miles","","","05/05/2017 01:14 AM","05/04/2017 08:14 PM","https://tda159.fraudmap.net:443/goto.jsf?sess=688209125000290"
"NV","0.9","null","A000000012345678","170","","LoginSuccess ","64.41.181.5","aggregator","yodlee.com","united states","california","redwood city","[EN-US,EN;Q=0.8],[EN-US],[],[]","Unix/Chrome 43.0","Mozilla/5.0 (X11; Linux x86_64) AppleWebKit/537.36 (KHTML, like Gecko) Chrome/43.0.2357.125 Safari/537.36","","24|1024|768|768","-7","gzip, deflate","447e414dcd3ce15472ffd4357b6e128110222e431ca1","1","1","","64.41.181.0","+1d 2h 60m","0 miles","","","05/06/2017 04:14 AM","05/05/2017 11:14 PM","https://tda159.fraudmap.net:443/goto.jsf?sess=689150063000290"
"NV","0.9","null","A000000012345678","171","","LoginSuccess ","64.41.181.105","aggregator","yodlee.com","united states","california","redwood city","[EN-US,EN;Q=0.8],[EN-US],[],[]","Unix/Chrome 43.0","Mozilla/5.0 (X11; Linux x86_64) AppleWebKit/537.36 (KHTML, like Gecko) Chrome/43.0.2357.125 Safari/537.36","","24|1024|768|768","-7","gzip, deflate","447e414dcd3ce15472ffd4357b6e128110222e431ca1","1","1","","64.41.181.0","+1d 21h 22m","0 miles","","","05/08/2017 01:36 AM","05/07/2017 08:36 PM","https://tda159.fraudmap.net:443/goto.jsf?sess=689799566000290"
"NV","0.9","null","A000000012345678","172","","LoginSuccess ","64.41.181.185","aggregator","yodlee.com","united states","california","redwood city","[EN-US,EN;Q=0.8],[EN-US],[],[]","Unix/Chrome 43.0","Mozilla/5.0 (X11; Linux x86_64) AppleWebKit/537.36 (KHTML, like Gecko) Chrome/43.0.2357.125 Safari/537.36","","24|1024|768|768","-7","gzip, deflate","447e414dcd3ce15472ffd4357b6e128110222e431ca1","1","1","","64.41.181.0","+1d 7h 10m","0 miles","","","05/09/2017 08:46 AM","05/09/2017 03:46 AM","https://tda159.fraudmap.net:443/goto.jsf?sess=690788247000290"
"NV","0.9","null","A000000012345678","173","","LoginSuccess ","216.34.61.37","aggregator","yodlee.com","united states","california","redwood city","[EN-US,EN;Q=0.8],[EN-US],[],[]","Unix/Chrome 43.0","Mozilla/5.0 (X11; Linux x86_64) AppleWebKit/537.36 (KHTML, like Gecko) Chrome/43.0.2357.125 Safari/537.36","","24|1024|768|768","-7","gzip, deflate","447e414dcd3ce15472ffd4357b6e128110222e431ca1","1","1","","216.34.61.0","+0d 20h 3m","0 miles","","","05/10/2017 04:49 AM","05/09/2017 11:49 PM","https://tda159.fraudmap.net:443/goto.jsf?sess=691634570000290"
"NV","0.9","null","A000000012345678","174","","LoginSuccess ","64.41.181.99","aggregator","yodlee.com","united states","california","redwood city","[EN-US,EN;Q=0.8],[EN-US],[],[]","Unix/Chrome 43.0","Mozilla/5.0 (X11; Linux x86_64) AppleWebKit/537.36 (KHTML, like Gecko) Chrome/43.0.2357.125 Safari/537.36","","24|1024|768|768","-7","gzip, deflate","447e414dcd3ce15472ffd4357b6e128110222e431ca1","1","1","","64.41.181.0","+0d 22h 34m","0 miles","","","05/11/2017 03:23 AM","05/10/2017 10:23 PM","https://tda159.fraudmap.net:443/goto.jsf?sess=692495901000290"
"NV","0.9","null","A000000012345678","175","","LoginSuccess ","64.41.181.113","aggregator","yodlee.com","united states","california","redwood city","[EN-US,EN;Q=0.8],[EN-US],[],[]","Unix/Chrome 43.0","Mozilla/5.0 (X11; Linux x86_64) AppleWebKit/537.36 (KHTML, like Gecko) Chrome/43.0.2357.125 Safari/537.36","","24|1024|768|768","-7","gzip, deflate","447e414dcd3ce15472ffd4357b6e128110222e431ca1","1","1","","64.41.181.0","+1d 5h 12m","0 miles","","","05/12/2017 08:34 AM","05/12/2017 03:34 AM","https://tda159.fraudmap.net:443/goto.jsf?sess=693425503000290"
"NV","0.9","null","A000000012345678","176","","LoginSuccess ","64.41.181.51","aggregator","yodlee.com","united states","california","redwood city","[EN-US,EN;Q=0.8],[EN-US],[],[]","Unix/Chrome 43.0","Mozilla/5.0 (X11; Linux x86_64) AppleWebKit/537.36 (KHTML, like Gecko) Chrome/43.0.2357.125 Safari/537.36","","24|1024|768|768","-7","gzip, deflate","447e414dcd3ce15472ffd4357b6e128110222e431ca1","1","1","","64.41.181.0","+0d 21h 42m","0 miles","","","05/13/2017 06:16 AM","05/13/2017 01:16 AM","https://tda159.fraudmap.net:443/goto.jsf?sess=694231237000290"
"NV","0.9","null","A000000012345678","177","","LoginSuccess ","64.41.181.67","aggregator","yodlee.com","united states","california","redwood city","[EN-US,EN;Q=0.8],[EN-US],[],[]","Unix/Chrome 43.0","Mozilla/5.0 (X11; Linux x86_64) AppleWebKit/537.36 (KHTML, like Gecko) Chrome/43.0.2357.125 Safari/537.36","","24|1024|768|768","-7","gzip, deflate","447e414dcd3ce15472ffd4357b6e128110222e431ca1","1","1","","64.41.181.0","+0d 22h 51m","0 miles","","","05/14/2017 05:07 AM","05/14/2017 12:07 AM","https://tda159.fraudmap.net:443/goto.jsf?sess=694610636000290"
"NV","0.9","null","A000000012345678","178","","LoginSuccess ","64.41.181.69","aggregator","yodlee.com","united states","california","redwood city","[EN-US,EN;Q=0.8],[EN-US],[],[]","Unix/Chrome 43.0","Mozilla/5.0 (X11; Linux x86_64) AppleWebKit/537.36 (KHTML, like Gecko) Chrome/43.0.2357.125 Safari/537.36","","24|1024|768|768","-7","gzip, deflate","447e414dcd3ce15472ffd4357b6e128110222e431ca1","1","1","","64.41.181.0","+1d 0h 59m","0 miles","","","05/15/2017 06:06 AM","05/15/2017 01:06 AM","https://tda159.fraudmap.net:443/goto.jsf?sess=694894936000290"
"NV","0.9","null","A000000012345678","179","","LoginSuccess ","216.34.61.171","aggregator","yodlee.com","united states","california","redwood city","[EN-US,EN;Q=0.8],[EN-US],[],[]","Unix/Chrome 43.0","Mozilla/5.0 (X11; Linux x86_64) AppleWebKit/537.36 (KHTML, like Gecko) Chrome/43.0.2357.125 Safari/537.36","","24|1024|768|768","-7","gzip, deflate","447e414dcd3ce15472ffd4357b6e128110222e431ca1","1","1","","216.34.61.0","+0d 22h 40m","0 miles","","","05/16/2017 04:46 AM","05/15/2017 11:46 PM","https://tda159.fraudmap.net:443/goto.jsf?sess=695625877000290"
"NV","0.9","null","A000000012345678","180","","LoginSuccess ","64.41.181.13","aggregator","yodlee.com","united states","california","redwood city","[EN-US,EN;Q=0.8],[EN-US],[],[]","Unix/Chrome 43.0","Mozilla/5.0 (X11; Linux x86_64) AppleWebKit/537.36 (KHTML, like Gecko) Chrome/43.0.2357.125 Safari/537.36","","24|1024|768|768","-7","gzip, deflate","447e414dcd3ce15472ffd4357b6e128110222e431ca1","1","1","","64.41.181.0","+0d 23h 46m","0 miles","","","05/17/2017 04:32 AM","05/16/2017 11:32 PM","https://tda159.fraudmap.net:443/goto.jsf?sess=696522933000290"
"NV","0.9","null","A000000012345678","181","","LoginSuccess ","216.34.61.203","aggregator","yodlee.com","united states","california","redwood city","[EN-US,EN;Q=0.8],[EN-US],[],[]","Unix/Chrome 43.0","Mozilla/5.0 (X11; Linux x86_64) AppleWebKit/537.36 (KHTML, like Gecko) Chrome/43.0.2357.125 Safari/537.36","","24|1024|768|768","-7","gzip, deflate","447e414dcd3ce15472ffd4357b6e128110222e431ca1","1","1","","216.34.61.0","+0d 23h 26m","0 miles","","","05/18/2017 03:58 AM","05/17/2017 10:58 PM","https://tda159.fraudmap.net:443/goto.jsf?sess=697394345000290"
"NV","0.9","null","A000000012345678","182","","LoginSuccess ","64.41.181.17","aggregator","yodlee.com","united states","california","redwood city","[EN-US,EN;Q=0.8],[EN-US],[],[]","Unix/Chrome 43.0","Mozilla/5.0 (X11; Linux x86_64) AppleWebKit/537.36 (KHTML, like Gecko) Chrome/43.0.2357.125 Safari/537.36","","24|1024|768|768","-7","gzip, deflate","447e414dcd3ce15472ffd4357b6e128110222e431ca1","1","1","","64.41.181.0","+1d 2h 4m","0 miles","","","05/19/2017 06:02 AM","05/19/2017 01:02 AM","https://tda159.fraudmap.net:443/goto.jsf?sess=698283192000290"
"NV","0.9","null","A000000012345678","183","","LoginSuccess ","216.34.61.195","aggregator","yodlee.com","united states","california","redwood city","[EN-US,EN;Q=0.8],[EN-US],[],[]","Unix/Chrome 43.0","Mozilla/5.0 (X11; Linux x86_64) AppleWebKit/537.36 (KHTML, like Gecko) Chrome/43.0.2357.125 Safari/537.36","","24|1024|768|768","-7","gzip, deflate","447e414dcd3ce15472ffd4357b6e128110222e431ca1","1","1","","216.34.61.0","+1d 2h 33m","0 miles","","","05/20/2017 08:34 AM","05/20/2017 03:34 AM","https://tda159.fraudmap.net:443/goto.jsf?sess=699181116000290"
"NV","0.9","null","A000000012345678","184","","LoginSuccess ","64.41.181.51","aggregator","yodlee.com","united states","california","redwood city","[EN-US,EN;Q=0.8],[EN-US],[],[]","Unix/Chrome 43.0","Mozilla/5.0 (X11; Linux x86_64) AppleWebKit/537.36 (KHTML, like Gecko) Chrome/43.0.2357.125 Safari/537.36","","24|1024|768|768","-7","gzip, deflate","447e414dcd3ce15472ffd4357b6e128110222e431ca1","1","1","","64.41.181.0","+0d 18h 17m","0 miles","","","05/21/2017 02:51 AM","05/20/2017 09:51 PM","https://tda159.fraudmap.net:443/goto.jsf?sess=699513254000290"
"NV","0.9","null","A000000012345678","185","","LoginSuccess ","64.41.181.19","aggregator","yodlee.com","united states","california","redwood city","[EN-US,EN;Q=0.8],[EN-US],[],[]","Unix/Chrome 43.0","Mozilla/5.0 (X11; Linux x86_64) AppleWebKit/537.36 (KHTML, like Gecko) Chrome/43.0.2357.125 Safari/537.36","","24|1024|768|768","-7","gzip, deflate","447e414dcd3ce15472ffd4357b6e128110222e431ca1","1","1","","64.41.181.0","+1d 2h 50m","0 miles","","","05/22/2017 05:41 AM","05/22/2017 12:41 AM","https://tda159.fraudmap.net:443/goto.jsf?sess=699833832000290"
"NV","1.0","null","A000000012345678","186","","LoginSuccess ","64.41.181.123","aggregator","yodlee.com","united states","california","redwood city","[EN-US,EN;Q=0.8],[EN-US],[],[]","Unix/Chrome 43.0","Mozilla/5.0 (X11; Linux x86_64) AppleWebKit/537.36 (KHTML, like Gecko) Chrome/43.0.2357.125 Safari/537.36","","24|1024|768|768","-7","gzip, deflate","447e414dcd3ce15472ffd4357b6e128110222e431ca1","1","1","","64.41.181.0","+0d 21h 5m","0 miles","","","05/23/2017 02:46 AM","05/22/2017 09:46 PM","https://tda159.fraudmap.net:443/goto.jsf?sess=700608233000290"
"NV","0.8","null","A000000012345678","187","","LoginSuccess ","216.34.61.145","aggregator","yodlee.com","united states","california","redwood city","[EN-US,EN;Q=0.8],[EN-US],[],[]","Unix/Chrome 43.0","Mozilla/5.0 (X11; Linux x86_64) AppleWebKit/537.36 (KHTML, like Gecko) Chrome/43.0.2357.125 Safari/537.36","","24|1024|768|768","-7","gzip, deflate","447e414dcd3ce15472ffd4357b6e128110222e431ca1","1","1","","216.34.61.0","+1d 4h 24m","0 miles","","","05/24/2017 07:11 AM","05/24/2017 02:11 AM","https://tda159.fraudmap.net:443/goto.jsf?sess=701558476000290"
"NV","0.9","null","A000000012345678","188","","LoginSuccess ","216.34.61.35","aggregator","yodlee.com","united states","california","redwood city","[EN-US,EN;Q=0.8],[EN-US],[],[]","Unix/Chrome 43.0","Mozilla/5.0 (X11; Linux x86_64) AppleWebKit/537.36 (KHTML, like Gecko) Chrome/43.0.2357.125 Safari/537.36","","24|1024|768|768","-7","gzip, deflate","447e414dcd3ce15472ffd4357b6e128110222e431ca1","1","1","","216.34.61.0","+1d 0h 15m","0 miles","","","05/25/2017 07:26 AM","05/25/2017 02:26 AM","https://tda159.fraudmap.net:443/goto.jsf?sess=702437783000290"
"NV","0.9","null","A000000012345678","189","","LoginSuccess ","216.34.61.227","aggregator","yodlee.com","united states","california","redwood city","[EN-US,EN;Q=0.8],[EN-US],[],[]","Unix/Chrome 43.0","Mozilla/5.0 (X11; Linux x86_64) AppleWebKit/537.36 (KHTML, like Gecko) Chrome/43.0.2357.125 Safari/537.36","","24|1024|768|768","-7","gzip, deflate","447e414dcd3ce15472ffd4357b6e128110222e431ca1","1","1","","216.34.61.0","+0d 22h 3m","0 miles","","","05/26/2017 05:29 AM","05/26/2017 12:29 AM","https://tda159.fraudmap.net:443/goto.jsf?sess=703314784000290"
"NV","1.0","null","A000000012345678","190","","LoginSuccess ","216.34.61.111","aggregator","yodlee.com","united states","california","redwood city","[EN-US,EN;Q=0.8],[EN-US],[],[]","Unix/Chrome 43.0","Mozilla/5.0 (X11; Linux x86_64) AppleWebKit/537.36 (KHTML, like Gecko) Chrome/43.0.2357.125 Safari/537.36","","24|1024|768|768","-7","gzip, deflate","447e414dcd3ce15472ffd4357b6e128110222e431ca1","1","1","","216.34.61.0","+0d 23h 58m","0 miles","","","05/27/2017 05:27 AM","05/27/2017 12:27 AM","https://tda159.fraudmap.net:443/goto.jsf?sess=704129206000290"
"NV","1.0","null","A000000012345678","191","","LoginSuccess ","64.41.181.49","aggregator","yodlee.com","united states","california","redwood city","[EN-US,EN;Q=0.8],[EN-US],[],[]","Unix/Chrome 43.0","Mozilla/5.0 (X11; Linux x86_64) AppleWebKit/537.36 (KHTML, like Gecko) Chrome/43.0.2357.125 Safari/537.36","","24|1024|768|768","-7","gzip, deflate","447e414dcd3ce15472ffd4357b6e128110222e431ca1","1","1","","64.41.181.0","+0d 20h 23m","0 miles","","","05/28/2017 01:50 AM","05/27/2017 08:50 PM","https://tda159.fraudmap.net:443/goto.jsf?sess=704458333000290"
"NV","0.9","null","A000000012345678","192","","LoginSuccess ","64.41.181.39","aggregator","yodlee.com","united states","california","redwood city","[EN-US,EN;Q=0.8],[EN-US],[],[]","Unix/Chrome 43.0","Mozilla/5.0 (X11; Linux x86_64) AppleWebKit/537.36 (KHTML, like Gecko) Chrome/43.0.2357.125 Safari/537.36","","24|1024|768|768","-7","gzip, deflate","447e414dcd3ce15472ffd4357b6e128110222e431ca1","1","1","","64.41.181.0","+1d 5h 25m","0 miles","","","05/29/2017 07:16 AM","05/29/2017 02:16 AM","https://tda159.fraudmap.net:443/goto.jsf?sess=704742067000290"
"NV","0.9","null","A000000012345678","193","","LoginSuccess ","64.41.181.175","aggregator","yodlee.com","united states","california","redwood city","[EN-US,EN;Q=0.8],[EN-US],[],[]","Unix/Chrome 43.0","Mozilla/5.0 (X11; Linux x86_64) AppleWebKit/537.36 (KHTML, like Gecko) Chrome/43.0.2357.125 Safari/537.36","","24|1024|768|768","-7","gzip, deflate","447e414dcd3ce15472ffd4357b6e128110222e431ca1","1","1","","64.41.181.0","+1d 0h 5m","0 miles","","","05/30/2017 07:20 AM","05/30/2017 02:20 AM","https://tda159.fraudmap.net:443/goto.jsf?sess=705098606000290"
"NV","0.9","null","A000000012345678","194","","LoginSuccess ","64.41.181.181","aggregator","yodlee.com","united states","california","redwood city","[EN-US,EN;Q=0.8],[EN-US],[],[]","Unix/Chrome 43.0","Mozilla/5.0 (X11; Linux x86_64) AppleWebKit/537.36 (KHTML, like Gecko) Chrome/43.0.2357.125 Safari/537.36","","24|1024|768|768","-7","gzip, deflate","447e414dcd3ce15472ffd4357b6e128110222e431ca1","1","1","","64.41.181.0","+1d 1h 17m","0 miles","","","05/31/2017 08:37 AM","05/31/2017 03:37 AM","https://tda159.fraudmap.net:443/goto.jsf?sess=705956845000290"
"NV","0.8","null","A000000012345678","195","","LoginSuccess ","64.41.181.93","aggregator","yodlee.com","united states","california","redwood city","[EN-US,EN;Q=0.8],[EN-US],[],[]","Unix/Chrome 43.0","Mozilla/5.0 (X11; Linux x86_64) AppleWebKit/537.36 (KHTML, like Gecko) Chrome/43.0.2357.125 Safari/537.36","","24|1024|768|768","-7","gzip, deflate","447e414dcd3ce15472ffd4357b6e128110222e431ca1","1","1","","64.41.181.0","+0d 19h 41m","0 miles","","","06/01/2017 04:18 AM","05/31/2017 11:18 PM","https://tda159.fraudmap.net:443/goto.jsf?sess=706744669000290"
"NV","0.9","null","A000000012345678","196","","LoginSuccess ","216.34.61.65","aggregator","yodlee.com","united states","california","redwood city","[EN-US,EN;Q=0.8],[EN-US],[],[]","Unix/Chrome 43.0","Mozilla/5.0 (X11; Linux x86_64) AppleWebKit/537.36 (KHTML, like Gecko) Chrome/43.0.2357.125 Safari/537.36","","24|1024|768|768","-7","gzip, deflate","447e414dcd3ce15472ffd4357b6e128110222e431ca1","1","1","","216.34.61.0","+0d 22h 47m","0 miles","","","06/02/2017 03:05 AM","06/01/2017 10:05 PM","https://tda159.fraudmap.net:443/goto.jsf?sess=707638160000290"
"NV","0.9","null","A000000012345678","197","","LoginSuccess ","64.41.181.11","aggregator","yodlee.com","united states","california","redwood city","[EN-US,EN;Q=0.8],[EN-US],[],[]","Unix/Chrome 43.0","Mozilla/5.0 (X11; Linux x86_64) AppleWebKit/537.36 (KHTML, like Gecko) Chrome/43.0.2357.125 Safari/537.36","","24|1024|768|768","-7","gzip, deflate","447e414dcd3ce15472ffd4357b6e128110222e431ca1","1","1","","64.41.181.0","+1d 1h 28m","0 miles","","","06/03/2017 04:33 AM","06/02/2017 11:33 PM","https://tda159.fraudmap.net:443/goto.jsf?sess=708593081000290"
"NV","0.9","null","A000000012345678","198","","LoginSuccess ","216.34.61.89","aggregator","yodlee.com","united states","california","redwood city","[EN-US,EN;Q=0.8],[EN-US],[],[]","Unix/Chrome 43.0","Mozilla/5.0 (X11; Linux x86_64) AppleWebKit/537.36 (KHTML, like Gecko) Chrome/43.0.2357.125 Safari/537.36","","24|1024|768|768","-7","gzip, deflate","447e414dcd3ce15472ffd4357b6e128110222e431ca1","1","1","","216.34.61.0","+1d 20h 44m","0 miles","","","06/05/2017 01:17 AM","06/04/2017 08:17 PM","https://tda159.fraudmap.net:443/goto.jsf?sess=709265910000290"
"NV","0.9","null","A000000012345678","199","","LoginSuccess ","216.34.61.195","aggregator","yodlee.com","united states","california","redwood city","[EN-US,EN;Q=0.8],[EN-US],[],[]","Unix/Chrome 43.0","Mozilla/5.0 (X11; Linux x86_64) AppleWebKit/537.36 (KHTML, like Gecko) Chrome/43.0.2357.125 Safari/537.36","","24|1024|768|768","-7","gzip, deflate","447e414dcd3ce15472ffd4357b6e128110222e431ca1","1","1","","216.34.61.0","+1d 6h 19m","0 miles","","","06/06/2017 07:36 AM","06/06/2017 02:36 AM","https://tda159.fraudmap.net:443/goto.jsf?sess=710256875000290"
"NV","1.0","null","A000000012345678","200","","LoginSuccess ","216.34.61.183","aggregator","yodlee.com","united states","california","redwood city","[EN-US,EN;Q=0.8],[EN-US],[],[]","Unix/Chrome 43.0","Mozilla/5.0 (X11; Linux x86_64) AppleWebKit/537.36 (KHTML, like Gecko) Chrome/43.0.2357.125 Safari/537.36","","24|1024|768|768","-7","gzip, deflate","447e414dcd3ce15472ffd4357b6e128110222e431ca1","1","1","","216.34.61.0","+0d 19h 40m","0 miles","","","06/07/2017 03:17 AM","06/06/2017 10:17 PM","https://tda159.fraudmap.net:443/goto.jsf?sess=711072713000290"
"NV","0.9","null","A000000012345678","201","","LoginSuccess ","64.41.181.189","aggregator","yodlee.com","united states","california","redwood city","[EN-US,EN;Q=0.8],[EN-US],[],[]","Unix/Chrome 43.0","Mozilla/5.0 (X11; Linux x86_64) AppleWebKit/537.36 (KHTML, like Gecko) Chrome/43.0.2357.125 Safari/537.36","","24|1024|768|768","-7","gzip, deflate","447e414dcd3ce15472ffd4357b6e128110222e431ca1","1","1","","64.41.181.0","+1d 4h 57m","0 miles","","","06/08/2017 08:14 AM","06/08/2017 03:14 AM","https://tda159.fraudmap.net:443/goto.jsf?sess=712028743000290"
"NV","0.9","null","A000000012345678","202","","LoginSuccess ","64.41.181.71","aggregator","yodlee.com","united states","california","redwood city","[EN-US,EN;Q=0.8],[EN-US],[],[]","Unix/Chrome 43.0","Mozilla/5.0 (X11; Linux x86_64) AppleWebKit/537.36 (KHTML, like Gecko) Chrome/43.0.2357.125 Safari/537.36","","24|1024|768|768","-7","gzip, deflate","447e414dcd3ce15472ffd4357b6e128110222e431ca1","1","1","","64.41.181.0","+1d 0h 8m","0 miles","","","06/09/2017 08:22 AM","06/09/2017 03:22 AM","https://tda159.fraudmap.net:443/goto.jsf?sess=712911793000290"
"NV","0.9","null","A000000012345678","203","","LoginSuccess ","64.41.181.51","aggregator","yodlee.com","united states","california","redwood city","[EN-US,EN;Q=0.8],[EN-US],[],[]","Unix/Chrome 43.0","Mozilla/5.0 (X11; Linux x86_64) AppleWebKit/537.36 (KHTML, like Gecko) Chrome/43.0.2357.125 Safari/537.36","","24|1024|768|768","-7","gzip, deflate","447e414dcd3ce15472ffd4357b6e128110222e431ca1","1","1","","64.41.181.0","+0d 23h 49m","0 miles","","","06/10/2017 08:11 AM","06/10/2017 03:11 AM","https://tda159.fraudmap.net:443/goto.jsf?sess=713787221000290"
"NV","0.9","null","A000000012345678","204","","LoginSuccess ","64.41.181.197","aggregator","yodlee.com","united states","california","redwood city","[EN-US,EN;Q=0.8],[EN-US],[],[]","Unix/Chrome 43.0","Mozilla/5.0 (X11; Linux x86_64) AppleWebKit/537.36 (KHTML, like Gecko) Chrome/43.0.2357.125 Safari/537.36","","24|1024|768|768","-7","gzip, deflate","447e414dcd3ce15472ffd4357b6e128110222e431ca1","1","1","","64.41.181.0","+0d 17h 41m","0 miles","","","06/11/2017 01:52 AM","06/10/2017 08:52 PM","https://tda159.fraudmap.net:443/goto.jsf?sess=714099301000290"
"NV","0.9","null","A000000012345678","205","","LoginSuccess ","64.41.181.19","aggregator","yodlee.com","united states","california","redwood city","[EN-US,EN;Q=0.8],[EN-US],[],[]","Unix/Chrome 43.0","Mozilla/5.0 (X11; Linux x86_64) AppleWebKit/537.36 (KHTML, like Gecko) Chrome/43.0.2357.125 Safari/537.36","","24|1024|768|768","-7","gzip, deflate","447e414dcd3ce15472ffd4357b6e128110222e431ca1","1","1","","64.41.181.0","+1d 5h 38m","0 miles","","","06/12/2017 07:30 AM","06/12/2017 02:30 AM","https://tda159.fraudmap.net:443/goto.jsf?sess=714464109000290"
"NV","0.9","null","A000000012345678","206","","LoginSuccess ","64.41.181.203","aggregator","yodlee.com","united states","california","redwood city","[EN-US,EN;Q=0.8],[EN-US],[],[]","Unix/Chrome 43.0","Mozilla/5.0 (X11; Linux x86_64) AppleWebKit/537.36 (KHTML, like Gecko) Chrome/43.0.2357.125 Safari/537.36","","24|1024|768|768","-7","gzip, deflate","447e414dcd3ce15472ffd4357b6e128110222e431ca1","1","1","","64.41.181.0","+0d 20h 2m","0 miles","","","06/13/2017 03:32 AM","06/12/2017 10:32 PM","https://tda159.fraudmap.net:443/goto.jsf?sess=715279943000290"
"NV","1.0","null","A000000012345678","207","","LoginSuccess ","64.41.181.13","aggregator","yodlee.com","united states","california","redwood city","[EN-US,EN;Q=0.8],[EN-US],[],[]","Unix/Chrome 43.0","Mozilla/5.0 (X11; Linux x86_64) AppleWebKit/537.36 (KHTML, like Gecko) Chrome/43.0.2357.125 Safari/537.36","","24|1024|768|768","-7","gzip, deflate","447e414dcd3ce15472ffd4357b6e128110222e431ca1","1","1","","64.41.181.0","+0d 23h 3m","0 miles","","","06/14/2017 02:35 AM","06/13/2017 09:35 PM","https://tda159.fraudmap.net:443/goto.jsf?sess=716156254000290"
"NV","1.1","null","A000000012345678","208","","LoginSuccess ","216.34.61.231","aggregator","yodlee.com","united states","california","redwood city","[EN-US,EN;Q=0.8],[EN-US],[],[]","Unix/Chrome 43.0","Mozilla/5.0 (X11; Linux x86_64) AppleWebKit/537.36 (KHTML, like Gecko) Chrome/43.0.2357.125 Safari/537.36","","24|1024|768|768","-7","gzip, deflate","447e414dcd3ce15472ffd4357b6e128110222e431ca1","1","1","","216.34.61.0","+0d 23h 2m","0 miles","","","06/15/2017 01:37 AM","06/14/2017 08:37 PM","https://tda159.fraudmap.net:443/goto.jsf?sess=716990437000290"
"NV","0.9","null","A000000012345678","209","","LoginSuccess ","216.34.61.39","aggregator","yodlee.com","united states","california","redwood city","[EN-US,EN;Q=0.8],[EN-US],[],[]","Unix/Chrome 43.0","Mozilla/5.0 (X11; Linux x86_64) AppleWebKit/537.36 (KHTML, like Gecko) Chrome/43.0.2357.125 Safari/537.36","","24|1024|768|768","-7","gzip, deflate","447e414dcd3ce15472ffd4357b6e128110222e431ca1","1","1","","216.34.61.0","+0d 23h 59m","0 miles","","","06/16/2017 01:36 AM","06/15/2017 08:36 PM","https://tda159.fraudmap.net:443/goto.jsf?sess=717806100000290"
"NV","0.9","null","A000000012345678","210","","LoginSuccess ","216.34.61.39","aggregator","yodlee.com","united states","california","redwood city","[EN-US,EN;Q=0.8],[EN-US],[],[]","Unix/Chrome 43.0","Mozilla/5.0 (X11; Linux x86_64) AppleWebKit/537.36 (KHTML, like Gecko) Chrome/43.0.2357.125 Safari/537.36","","24|1024|768|768","-7","gzip, deflate","447e414dcd3ce15472ffd4357b6e128110222e431ca1","1","1","","216.34.61.0","+1d 4h 45m","0 miles","","","06/17/2017 06:21 AM","06/17/2017 01:21 AM","https://tda159.fraudmap.net:443/goto.jsf?sess=718723553000290"
"NV","0.9","null","A000000012345678","211","","LoginSuccess ","216.34.61.83","aggregator","yodlee.com","united states","california","redwood city","[EN-US,EN;Q=0.8],[EN-US],[],[]","Unix/Chrome 43.0","Mozilla/5.0 (X11; Linux x86_64) AppleWebKit/537.36 (KHTML, like Gecko) Chrome/43.0.2357.125 Safari/537.36","","24|1024|768|768","-7","gzip, deflate","447e414dcd3ce15472ffd4357b6e128110222e431ca1","1","1","","216.34.61.0","+0d 22h 20m","0 miles","","","06/18/2017 04:41 AM","06/17/2017 11:41 PM","https://tda159.fraudmap.net:443/goto.jsf?sess=719096406000290"
"NV","0.9","null","A000000012345678","212","","LoginSuccess ","64.41.181.71","aggregator","yodlee.com","united states","california","redwood city","[EN-US,EN;Q=0.8],[EN-US],[],[]","Unix/Chrome 43.0","Mozilla/5.0 (X11; Linux x86_64) AppleWebKit/537.36 (KHTML, like Gecko) Chrome/43.0.2357.125 Safari/537.36","","24|1024|768|768","-7","gzip, deflate","447e414dcd3ce15472ffd4357b6e128110222e431ca1","1","1","","64.41.181.0","+0d 22h 16m","0 miles","","","06/19/2017 02:57 AM","06/18/2017 09:57 PM","https://tda159.fraudmap.net:443/goto.jsf?sess=719352781000290"
"NV","1.0","null","A000000012345678","213","","LoginSuccess ","216.34.61.81","aggregator","yodlee.com","united states","california","redwood city","[EN-US,EN;Q=0.8],[EN-US],[],[]","Unix/Chrome 43.0","Mozilla/5.0 (X11; Linux x86_64) AppleWebKit/537.36 (KHTML, like Gecko) Chrome/43.0.2357.125 Safari/537.36","","24|1024|768|768","-7","gzip, deflate","447e414dcd3ce15472ffd4357b6e128110222e431ca1","1","1","","216.34.61.0","+1d 6h 34m","0 miles","","","06/20/2017 09:31 AM","06/20/2017 04:31 AM","https://tda159.fraudmap.net:443/goto.jsf?sess=720388429000290"
"NV","0.8","null","A000000012345678","214","","LoginSuccess ","64.41.181.35","aggregator","yodlee.com","united states","california","redwood city","[EN-US,EN;Q=0.8],[EN-US],[],[]","Unix/Chrome 43.0","Mozilla/5.0 (X11; Linux x86_64) AppleWebKit/537.36 (KHTML, like Gecko) Chrome/43.0.2357.125 Safari/537.36","","24|1024|768|768","-7","gzip, deflate","447e414dcd3ce15472ffd4357b6e128110222e431ca1","1","1","","64.41.181.0","+0d 21h 33m","0 miles","","","06/21/2017 07:04 AM","06/21/2017 02:04 AM","https://tda159.fraudmap.net:443/goto.jsf?sess=721228310000290"
"NV","0.9","null","A000000012345678","215","","LoginSuccess ","216.34.61.125","aggregator","yodlee.com","united states","california","redwood city","[EN-US,EN;Q=0.8],[EN-US],[],[]","Unix/Chrome 43.0","Mozilla/5.0 (X11; Linux x86_64) AppleWebKit/537.36 (KHTML, like Gecko) Chrome/43.0.2357.125 Safari/537.36","","24|1024|768|768","-7","gzip, deflate","447e414dcd3ce15472ffd4357b6e128110222e431ca1","1","1","","216.34.61.0","+1d 0h 60m","0 miles","","","06/22/2017 08:03 AM","06/22/2017 03:03 AM","https://tda159.fraudmap.net:443/goto.jsf?sess=722108425000290"
"NV","0.8","null","A000000012345678","216","","LoginSuccess ","64.41.181.21","aggregator","yodlee.com","united states","california","redwood city","[EN-US,EN;Q=0.8],[EN-US],[],[]","Unix/Chrome 43.0","Mozilla/5.0 (X11; Linux x86_64) AppleWebKit/537.36 (KHTML, like Gecko) Chrome/43.0.2357.125 Safari/537.36","","24|1024|768|768","-7","gzip, deflate","447e414dcd3ce15472ffd4357b6e128110222e431ca1","1","1","","64.41.181.0","+0d 22h 57m","0 miles","","","06/23/2017 07:01 AM","06/23/2017 02:01 AM","https://tda159.fraudmap.net:443/goto.jsf?sess=722961567000290"
"NV","0.9","null","A000000012345678","217","","LoginSuccess ","216.34.61.73","aggregator","yodlee.com","united states","california","redwood city","[EN-US,EN;Q=0.8],[EN-US],[],[]","Unix/Chrome 43.0","Mozilla/5.0 (X11; Linux x86_64) AppleWebKit/537.36 (KHTML, like Gecko) Chrome/43.0.2357.125 Safari/537.36","","24|1024|768|768","-7","gzip, deflate","447e414dcd3ce15472ffd4357b6e128110222e431ca1","1","1","","216.34.61.0","+1d 1h 33m","0 miles","","","06/24/2017 08:33 AM","06/24/2017 03:33 AM","https://tda159.fraudmap.net:443/goto.jsf?sess=723829234000290"
"NV","0.9","null","A000000012345678","218","","LoginSuccess ","216.34.61.169","aggregator","yodlee.com","united states","california","redwood city","[EN-US,EN;Q=0.8],[EN-US],[],[]","Unix/Chrome 43.0","Mozilla/5.0 (X11; Linux x86_64) AppleWebKit/537.36 (KHTML, like Gecko) Chrome/43.0.2357.125 Safari/537.36","","24|1024|768|768","-7","gzip, deflate","447e414dcd3ce15472ffd4357b6e128110222e431ca1","1","1","","216.34.61.0","+2d 1h 16m","0 miles","","","06/26/2017 09:49 AM","06/26/2017 04:49 AM","https://tda159.fraudmap.net:443/goto.jsf?sess=724516018000290"
"NV","0.9","null","A000000012345678","219","","LoginSuccess ","64.41.181.37","aggregator","yodlee.com","united states","california","redwood city","[EN-US,EN;Q=0.8],[EN-US],[],[]","Unix/Chrome 43.0","Mozilla/5.0 (X11; Linux x86_64) AppleWebKit/537.36 (KHTML, like Gecko) Chrome/43.0.2357.125 Safari/537.36","","24|1024|768|768","-7","gzip, deflate","447e414dcd3ce15472ffd4357b6e128110222e431ca1","1","1","","64.41.181.0","+1d 16h 40m","0 miles","","","06/28/2017 02:29 AM","06/27/2017 09:29 PM","https://tda159.fraudmap.net:443/goto.jsf?sess=726122081000290"
"NV","0.9","null","A000000012345678","220","","LoginSuccess ","64.41.181.171","aggregator","yodlee.com","united states","california","redwood city","[EN-US,EN;Q=0.8],[EN-US],[],[]","Unix/Chrome 43.0","Mozilla/5.0 (X11; Linux x86_64) AppleWebKit/537.36 (KHTML, like Gecko) Chrome/43.0.2357.125 Safari/537.36","","24|1024|768|768","-7","gzip, deflate","447e414dcd3ce15472ffd4357b6e128110222e431ca1","1","1","","64.41.181.0","+1d 2h 5m","0 miles","","","06/29/2017 04:34 AM","06/28/2017 11:34 PM","https://tda159.fraudmap.net:443/goto.jsf?sess=727069819000290"
"NV","0.9","null","A000000012345678","221","","LoginSuccess ","64.41.181.19","aggregator","yodlee.com","united states","california","redwood city","[EN-US,EN;Q=0.8],[EN-US],[],[]","Unix/Chrome 43.0","Mozilla/5.0 (X11; Linux x86_64) AppleWebKit/537.36 (KHTML, like Gecko) Chrome/43.0.2357.125 Safari/537.36","","24|1024|768|768","-7","gzip, deflate","447e414dcd3ce15472ffd4357b6e128110222e431ca1","1","1","","64.41.181.0","+1d 2h 45m","0 miles","","","06/30/2017 07:19 AM","06/30/2017 02:19 AM","https://tda159.fraudmap.net:443/goto.jsf?sess=727959644000290"
"NV","0.9","null","A000000012345678","222","","LoginSuccess ","64.41.181.43","aggregator","yodlee.com","united states","california","redwood city","[EN-US,EN;Q=0.8],[EN-US],[],[]","Unix/Chrome 43.0","Mozilla/5.0 (X11; Linux x86_64) AppleWebKit/537.36 (KHTML, like Gecko) Chrome/43.0.2357.125 Safari/537.36","","24|1024|768|768","-7","gzip, deflate","447e414dcd3ce15472ffd4357b6e128110222e431ca1","1","1","","64.41.181.0","+0d 21h 30m","0 miles","","","07/01/2017 04:49 AM","06/30/2017 11:49 PM","https://tda159.fraudmap.net:443/goto.jsf?sess=728745988000290"
"NV","0.9","null","A000000012345678","223","","LoginSuccess ","216.34.61.241","aggregator","yodlee.com","united states","california","redwood city","[EN-US,EN;Q=0.8],[EN-US],[],[]","Unix/Chrome 43.0","Mozilla/5.0 (X11; Linux x86_64) AppleWebKit/537.36 (KHTML, like Gecko) Chrome/43.0.2357.125 Safari/537.36","","24|1024|768|768","-7","gzip, deflate","447e414dcd3ce15472ffd4357b6e128110222e431ca1","1","1","","216.34.61.0","+0d 21h 32m","0 miles","","","07/02/2017 02:20 AM","07/01/2017 09:20 PM","https://tda159.fraudmap.net:443/goto.jsf?sess=729132917000290"
"NV","0.9","null","A000000012345678","224","","LoginSuccess ","216.34.61.193","aggregator","yodlee.com","united states","california","redwood city","[EN-US,EN;Q=0.8],[EN-US],[],[]","Unix/Chrome 43.0","Mozilla/5.0 (X11; Linux x86_64) AppleWebKit/537.36 (KHTML, like Gecko) Chrome/43.0.2357.125 Safari/537.36","","24|1024|768|768","-7","gzip, deflate","447e414dcd3ce15472ffd4357b6e128110222e431ca1","1","1","","216.34.61.0","+1d 4h 13m","0 miles","","","07/03/2017 06:33 AM","07/03/2017 01:33 AM","https://tda159.fraudmap.net:443/goto.jsf?sess=729487896000290"
"NV","0.9","null","A000000012345678","225","","LoginSuccess ","216.34.61.39","aggregator","yodlee.com","united states","california","redwood city","[EN-US,EN;Q=0.8],[EN-US],[],[]","Unix/Chrome 43.0","Mozilla/5.0 (X11; Linux x86_64) AppleWebKit/537.36 (KHTML, like Gecko) Chrome/43.0.2357.125 Safari/537.36","","24|1024|768|768","-7","gzip, deflate","447e414dcd3ce15472ffd4357b6e128110222e431ca1","1","1","","216.34.61.0","+1d 1h 42m","0 miles","","","07/04/2017 08:15 AM","07/04/2017 03:15 AM","https://tda159.fraudmap.net:443/goto.jsf?sess=730286558000290"
"NV","0.9","null","A000000012345678","226","","LoginSuccess ","216.34.61.169","aggregator","yodlee.com","united states","california","redwood city","[EN-US,EN;Q=0.8],[EN-US],[],[]","Unix/Chrome 43.0","Mozilla/5.0 (X11; Linux x86_64) AppleWebKit/537.36 (KHTML, like Gecko) Chrome/43.0.2357.125 Safari/537.36","","24|1024|768|768","-7","gzip, deflate","447e414dcd3ce15472ffd4357b6e128110222e431ca1","1","1","","216.34.61.0","+0d 23h 55m","0 miles","","","07/05/2017 08:10 AM","07/05/2017 03:10 AM","https://tda159.fraudmap.net:443/goto.jsf?sess=730686247000290"
"NV","0.8","null","A000000012345678","227","","LoginSuccess ","216.34.61.227","aggregator","yodlee.com","united states","california","redwood city","[EN-US,EN;Q=0.8],[EN-US],[],[]","Unix/Chrome 43.0","Mozilla/5.0 (X11; Linux x86_64) AppleWebKit/537.36 (KHTML, like Gecko) Chrome/43.0.2357.125 Safari/537.36","","24|1024|768|768","-7","gzip, deflate","447e414dcd3ce15472ffd4357b6e128110222e431ca1","1","1","","216.34.61.0","+0d 23h 2m","0 miles","","","07/06/2017 07:13 AM","07/06/2017 02:13 AM","https://tda159.fraudmap.net:443/goto.jsf?sess=731544548000290"
"NV","0.9","null","A000000012345678","228","","LoginSuccess ","64.41.181.17","aggregator","yodlee.com","united states","california","redwood city","[EN-US,EN;Q=0.8],[EN-US],[],[]","Unix/Chrome 43.0","Mozilla/5.0 (X11; Linux x86_64) AppleWebKit/537.36 (KHTML, like Gecko) Chrome/43.0.2357.125 Safari/537.36","","24|1024|768|768","-7","gzip, deflate","447e414dcd3ce15472ffd4357b6e128110222e431ca1","1","1","","64.41.181.0","+1d 1h 43m","0 miles","","","07/07/2017 08:55 AM","07/07/2017 03:55 AM","https://tda159.fraudmap.net:443/goto.jsf?sess=732378746000290"
"Vbyme","6.7","null","A000000012345678","229","DeviceConf,OSBrowser,GeoProvider,GeoNewLoc,GeoLoc,UAChange","LoginFailCred ","178.128.44.102","normal","forthnet","greece","attiki","athina","[EN-US,EN;Q=0.8],[EN-US],[],[]","Windows 10.0/Chrome 59.0","Mozilla/5.0 (Windows NT 10.0; Win64; x64) AppleWebKit/537.36 (KHTML, like Gecko) Chrome/59.0.3071.86 Safari/537.36 OPR/46.0.2597.32","","24|1171|659|619","3","gzip, deflate, br","f728d1a90eee415d12f74bc716b912811051fd2d1e3","0","1","","178.128.44.0","+0d 5h 40m","6793 miles","","","07/07/2017 02:35 PM","07/07/2017 09:35 AM","https://tda159.fraudmap.net:443/goto.jsf?sess=732598714000290"
"Vbyme","9.5","null","A000000012345678","230","DeviceConf,OSBrowser,UAChange,AuthAccessType","MFASuccessDev LoginSuccess ","173.239.199.130","anonymous_proxy","expressvpn","united states","illinois","chicago","[EN-US,EN;Q=0.8],[EN-US],[],[]","Windows 10.0/Chrome 59.0","Mozilla/5.0 (Windows NT 10.0; Win64; x64) AppleWebKit/537.36 (KHTML, like Gecko) Chrome/59.0.3071.86 Safari/537.36 OPR/46.0.2597.32","","24|1171|659|619","3","gzip, deflate, br","f728d1a90eee415d12f74bc716b912811051fd2d1e3","0","1","","173.239.199.0","+0d 0h 8m","5437 miles","","","07/07/2017 02:44 PM","07/07/2017 09:44 AM","https://tda159.fraudmap.net:443/goto.jsf?sess=732608304000290"
"NV","1.6","null","A000000012345678","231","","LoginFailCred ","64.41.181.47","aggregator","yodlee.com","united states","california","redwood city","[EN-US,EN;Q=0.8],[EN-US],[],[]","Unix/Chrome 43.0","Mozilla/5.0 (X11; Linux x86_64) AppleWebKit/537.36 (KHTML, like Gecko) Chrome/43.0.2357.125 Safari/537.36","","24|1024|768|768","-7","gzip, deflate","447e414dcd3ce15472ffd4357b6e128110222e431ca1","1","1","","64.41.181.0","+0d 16h 43m","1851 miles","","","07/08/2017 07:26 AM","07/08/2017 02:26 AM","https://tda159.fraudmap.net:443/goto.jsf?sess=733190040000290"
"NV","5.6","null","A000000012345678","232","DeviceConf,OSBrowser,GeoProvider,GeoLoc,UAChange","LoginSuccess ","178.128.44.102","normal","forthnet","greece","attiki","athina","[EN-US,EN;Q=0.8],[EN-US],[],[]","Windows 10.0/Chrome 59.0","Mozilla/5.0 (Windows NT 10.0; Win64; x64) AppleWebKit/537.36 (KHTML, like Gecko) Chrome/59.0.3071.86 Safari/537.36 OPR/46.0.2597.32","","24|1171|659|619","3","gzip, deflate, br","f728d1a90eee415d12f74bc716b912811051fd2d1e3","0","1","","178.128.44.0","+0d 3h 2m","6793 miles","","","07/08/2017 10:28 AM","07/08/2017 05:28 AM","https://tda159.fraudmap.net:443/goto.jsf?sess=733225866000290"
